[{"model": "admin.logentry", "pk": 1, "fields": {"action_time": "2021-08-15T15:07:27.944Z", "user": 1, "content_type": 9, "object_id": "1", "object_repr": "Test", "action_flag": 3, "change_message": ""}}, {"model": "admin.logentry", "pk": 2, "fields": {"action_time": "2021-08-15T15:15:03.284Z", "user": 1, "content_type": 9, "object_id": "3", "object_repr": "grhg", "action_flag": 2, "change_message": "[{\"changed\": {\"fields\": [\"Hotel Logo\", \"Hotel Image\"]}}]"}}, {"model": "admin.logentry", "pk": 3, "fields": {"action_time": "2021-08-15T15:15:18.607Z", "user": 1, "content_type": 9, "object_id": "3", "object_repr": "grhg", "action_flag": 2, "change_message": "[]"}}, {"model": "admin.logentry", "pk": 4, "fields": {"action_time": "2021-08-16T13:13:13.380Z", "user": 1, "content_type": 9, "object_id": "4", "object_repr": "HELLO", "action_flag": 3, "change_message": ""}}, {"model": "admin.logentry", "pk": 5, "fields": {"action_time": "2021-08-16T13:13:13.385Z", "user": 1, "content_type": 9, "object_id": "3", "object_repr": "grhg", "action_flag": 3, "change_message": ""}}, {"model": "admin.logentry", "pk": 6, "fields": {"action_time": "2021-08-16T13:13:13.389Z", "user": 1, "content_type": 9, "object_id": "2", "object_repr": "Test", "action_flag": 3, "change_message": ""}}, {"model": "admin.logentry", "pk": 7, "fields": {"action_time": "2021-08-16T13:42:35.208Z", "user": 1, "content_type": 10, "object_id": "1", "object_repr": "Review object (1)", "action_flag": 1, "change_message": "[{\"added\": {}}]"}}, {"model": "admin.logentry", "pk": 8, "fields": {"action_time": "2021-08-17T12:11:01.606Z", "user": 1, "content_type": 9, "object_id": "2", "object_repr": "Love Cats", "action_flag": 1, "change_message": "[{\"added\": {}}]"}}, {"model": "admin.logentry", "pk": 9, "fields": {"action_time": "2021-08-17T12:11:09.566Z", "user": 1, "content_type": 9, "object_id": "2", "object_repr": "Love Cats", "action_flag": 2, "change_message": "[]"}}, {"model": "admin.logentry", "pk": 10, "fields": {"action_time": "2021-08-17T12:38:46.832Z", "user": 1, "content_type": 9, "object_id": "3", "object_repr": "Azabu Pet: Azabu Store", "action_flag": 1, "change_message": "[{\"added\": {}}]"}}, {"model": "admin.logentry", "pk": 11, "fields": {"action_time": "2021-08-17T12:40:26.195Z", "user": 1, "content_type": 9, "object_id": "3", "object_repr": "Azabu Pet: Azabu Store", "action_flag": 2, "change_message": "[{\"changed\": {\"fields\": [\"Hotel Website\"]}}]"}}, {"model": "admin.logentry", "pk": 12, "fields": {"action_time": "2021-08-17T12:40:37.001Z", "user": 1, "content_type": 9, "object_id": "3", "object_repr": "Azabu Pet: Azabu Store", "action_flag": 2, "change_message": "[{\"changed\": {\"fields\": [\"Hotel Image\"]}}]"}}, {"model": "admin.logentry", "pk": 13, "fields": {"action_time": "2021-08-17T12:41:17.968Z", "user": 1, "content_type": 4, "object_id": "1", "object_repr": "valerie", "action_flag": 2, "change_message": "[{\"changed\": {\"fields\": [\"First name\"]}}]"}}, {"model": "admin.logentry", "pk": 14, "fields": {"action_time": "2021-08-17T12:42:03.982Z", "user": 1, "content_type": 10, "object_id": "2", "object_repr": "Review object (2)", "action_flag": 1, "change_message": "[{\"added\": {}}]"}}, {"model": "admin.logentry", "pk": 15, "fields": {"action_time": "2021-08-17T14:24:11.507Z", "user": 1, "content_type": 10, "object_id": "2", "object_repr": "Azabu Pet: Azabu Store - valerie", "action_flag": 3, "change_message": ""}}, {"model": "admin.logentry", "pk": 16, "fields": {"action_time": "2021-08-17T14:24:11.512Z", "user": 1, "content_type": 10, "object_id": "1", "object_repr": "Onsen Hotel - valerie", "action_flag": 3, "change_message": ""}}, {"model": "admin.logentry", "pk": 17, "fields": {"action_time": "2021-08-17T14:26:02.132Z", "user": 1, "content_type": 10, "object_id": "1", "object_repr": "Azabu Pet: Azabu Store - valerie", "action_flag": 1, "change_message": "[{\"added\": {}}]"}}, {"model": "admin.logentry", "pk": 18, "fields": {"action_time": "2021-08-17T14:26:21.770Z", "user": 1, "content_type": 10, "object_id": "2", "object_repr": "Azabu Pet: Azabu Store - valerie", "action_flag": 1, "change_message": "[{\"added\": {}}]"}}, {"model": "admin.logentry", "pk": 19, "fields": {"action_time": "2021-08-17T14:26:36.060Z", "user": 1, "content_type": 10, "object_id": "3", "object_repr": "Azabu Pet: Azabu Store - valerie", "action_flag": 1, "change_message": "[{\"added\": {}}]"}}, {"model": "admin.logentry", "pk": 20, "fields": {"action_time": "2021-08-17T14:26:53.130Z", "user": 1, "content_type": 10, "object_id": "4", "object_repr": "Onsen Hotel - valerie", "action_flag": 1, "change_message": "[{\"added\": {}}]"}}, {"model": "admin.logentry", "pk": 21, "fields": {"action_time": "2021-08-17T14:56:45.433Z", "user": 1, "content_type": 9, "object_id": "3", "object_repr": "Azabu Pet: Azabu Store", "action_flag": 2, "change_message": "[{\"changed\": {\"fields\": [\"24HR Staff\"]}}]"}}, {"model": "admin.logentry", "pk": 22, "fields": {"action_time": "2021-08-17T14:58:07.175Z", "user": 1, "content_type": 9, "object_id": "3", "object_repr": "Azabu Pet - Azabu Store", "action_flag": 2, "change_message": "[{\"changed\": {\"fields\": [\"Hotel Name\"]}}]"}}, {"model": "admin.logentry", "pk": 23, "fields": {"action_time": "2021-08-17T15:00:33.605Z", "user": 1, "content_type": 9, "object_id": "3", "object_repr": "Azabu Pet - Azabu Store", "action_flag": 2, "change_message": "[{\"changed\": {\"fields\": [\"Hotel Logo\"]}}]"}}, {"model": "admin.logentry", "pk": 24, "fields": {"action_time": "2021-08-17T15:01:10.861Z", "user": 1, "content_type": 10, "object_id": "3", "object_repr": "Azabu Pet - Azabu Store - valerie", "action_flag": 3, "change_message": ""}}, {"model": "admin.logentry", "pk": 25, "fields": {"action_time": "2021-08-17T15:01:10.866Z", "user": 1, "content_type": 10, "object_id": "2", "object_repr": "Azabu Pet - Azabu Store - valerie", "action_flag": 3, "change_message": ""}}, {"model": "admin.logentry", "pk": 26, "fields": {"action_time": "2021-08-17T15:01:10.870Z", "user": 1, "content_type": 10, "object_id": "1", "object_repr": "Azabu Pet - Azabu Store - valerie", "action_flag": 3, "change_message": ""}}, {"model": "admin.logentry", "pk": 27, "fields": {"action_time": "2021-08-17T15:01:23.917Z", "user": 1, "content_type": 9, "object_id": "3", "object_repr": "Azabu Pet - Azabu Store", "action_flag": 3, "change_message": ""}}, {"model": "admin.logentry", "pk": 28, "fields": {"action_time": "2021-08-17T15:03:23.673Z", "user": 1, "content_type": 9, "object_id": "5", "object_repr": "Azabu Pet - Azabu Store", "action_flag": 2, "change_message": "[{\"changed\": {\"fields\": [\"Hotel Website\", \"Google Maps URL\"]}}]"}}, {"model": "admin.logentry", "pk": 29, "fields": {"action_time": "2021-08-18T12:49:36.473Z", "user": 1, "content_type": 10, "object_id": "5", "object_repr": "Azabu Pet - Azabu Store - valerie", "action_flag": 1, "change_message": "[{\"added\": {}}]"}}, {"model": "admin.logentry", "pk": 30, "fields": {"action_time": "2021-08-18T12:50:02.097Z", "user": 1, "content_type": 10, "object_id": "6", "object_repr": "Azabu Pet - Azabu Store - valerie", "action_flag": 1, "change_message": "[{\"added\": {}}]"}}, {"model": "admin.logentry", "pk": 31, "fields": {"action_time": "2021-08-18T12:50:13.416Z", "user": 1, "content_type": 10, "object_id": "7", "object_repr": "Azabu Pet - Azabu Store - valerie", "action_flag": 1, "change_message": "[{\"added\": {}}]"}}, {"model": "admin.logentry", "pk": 32, "fields": {"action_time": "2021-08-18T14:25:15.136Z", "user": 1, "content_type": 10, "object_id": "35", "object_repr": "Love Cats - valerie", "action_flag": 3, "change_message": ""}}, {"model": "admin.logentry", "pk": 33, "fields": {"action_time": "2021-08-18T14:25:15.142Z", "user": 1, "content_type": 10, "object_id": "34", "object_repr": "Next Hotel - valerie", "action_flag": 3, "change_message": ""}}, {"model": "admin.logentry", "pk": 34, "fields": {"action_time": "2021-08-18T14:25:15.147Z", "user": 1, "content_type": 10, "object_id": "33", "object_repr": "Next Hotel - valerie", "action_flag": 3, "change_message": ""}}, {"model": "admin.logentry", "pk": 35, "fields": {"action_time": "2021-08-18T14:25:15.151Z", "user": 1, "content_type": 10, "object_id": "32", "object_repr": "Next Hotel - valerie", "action_flag": 3, "change_message": ""}}, {"model": "admin.logentry", "pk": 36, "fields": {"action_time": "2021-08-18T14:25:15.155Z", "user": 1, "content_type": 10, "object_id": "31", "object_repr": "Next Hotel - valerie", "action_flag": 3, "change_message": ""}}, {"model": "admin.logentry", "pk": 37, "fields": {"action_time": "2021-08-18T14:25:15.158Z", "user": 1, "content_type": 10, "object_id": "30", "object_repr": "Next Hotel - valerie", "action_flag": 3, "change_message": ""}}, {"model": "admin.logentry", "pk": 38, "fields": {"action_time": "2021-08-18T14:25:15.162Z", "user": 1, "content_type": 10, "object_id": "29", "object_repr": "Next Hotel - valerie", "action_flag": 3, "change_message": ""}}, {"model": "admin.logentry", "pk": 39, "fields": {"action_time": "2021-08-18T14:25:15.165Z", "user": 1, "content_type": 10, "object_id": "28", "object_repr": "Next Hotel - valerie", "action_flag": 3, "change_message": ""}}, {"model": "admin.logentry", "pk": 40, "fields": {"action_time": "2021-08-18T14:25:15.168Z", "user": 1, "content_type": 10, "object_id": "27", "object_repr": "Next Hotel - valerie", "action_flag": 3, "change_message": ""}}, {"model": "admin.logentry", "pk": 41, "fields": {"action_time": "2021-08-18T14:25:15.172Z", "user": 1, "content_type": 10, "object_id": "26", "object_repr": "Next Hotel - valerie", "action_flag": 3, "change_message": ""}}, {"model": "admin.logentry", "pk": 42, "fields": {"action_time": "2021-08-18T14:25:15.176Z", "user": 1, "content_type": 10, "object_id": "25", "object_repr": "Next Hotel - valerie", "action_flag": 3, "change_message": ""}}, {"model": "admin.logentry", "pk": 43, "fields": {"action_time": "2021-08-18T14:25:15.179Z", "user": 1, "content_type": 10, "object_id": "24", "object_repr": "Next Hotel - valerie", "action_flag": 3, "change_message": ""}}, {"model": "admin.logentry", "pk": 44, "fields": {"action_time": "2021-08-18T14:25:15.183Z", "user": 1, "content_type": 10, "object_id": "23", "object_repr": "Next Hotel - valerie", "action_flag": 3, "change_message": ""}}, {"model": "admin.logentry", "pk": 45, "fields": {"action_time": "2021-08-18T14:25:15.187Z", "user": 1, "content_type": 10, "object_id": "22", "object_repr": "Next Hotel - valerie", "action_flag": 3, "change_message": ""}}, {"model": "admin.logentry", "pk": 46, "fields": {"action_time": "2021-08-18T14:25:15.190Z", "user": 1, "content_type": 10, "object_id": "21", "object_repr": "Next Hotel - valerie", "action_flag": 3, "change_message": ""}}, {"model": "admin.logentry", "pk": 47, "fields": {"action_time": "2021-08-18T14:25:15.194Z", "user": 1, "content_type": 10, "object_id": "20", "object_repr": "Next Hotel - valerie", "action_flag": 3, "change_message": ""}}, {"model": "admin.logentry", "pk": 48, "fields": {"action_time": "2021-08-18T14:25:15.198Z", "user": 1, "content_type": 10, "object_id": "19", "object_repr": "Next Hotel - valerie", "action_flag": 3, "change_message": ""}}, {"model": "admin.logentry", "pk": 49, "fields": {"action_time": "2021-08-18T14:25:15.204Z", "user": 1, "content_type": 10, "object_id": "18", "object_repr": "Next Hotel - valerie", "action_flag": 3, "change_message": ""}}, {"model": "admin.logentry", "pk": 50, "fields": {"action_time": "2021-08-18T14:25:15.208Z", "user": 1, "content_type": 10, "object_id": "17", "object_repr": "Next Hotel - valerie", "action_flag": 3, "change_message": ""}}, {"model": "admin.logentry", "pk": 51, "fields": {"action_time": "2021-08-18T14:25:15.212Z", "user": 1, "content_type": 10, "object_id": "16", "object_repr": "Next Hotel - valerie", "action_flag": 3, "change_message": ""}}, {"model": "admin.logentry", "pk": 52, "fields": {"action_time": "2021-08-18T14:25:15.215Z", "user": 1, "content_type": 10, "object_id": "15", "object_repr": "Next Hotel - valerie", "action_flag": 3, "change_message": ""}}, {"model": "admin.logentry", "pk": 53, "fields": {"action_time": "2021-08-18T14:25:15.219Z", "user": 1, "content_type": 10, "object_id": "14", "object_repr": "Love Cats - valerie", "action_flag": 3, "change_message": ""}}, {"model": "admin.logentry", "pk": 54, "fields": {"action_time": "2021-08-18T14:25:15.222Z", "user": 1, "content_type": 10, "object_id": "13", "object_repr": "Next Hotel - valerie", "action_flag": 3, "change_message": ""}}, {"model": "admin.logentry", "pk": 55, "fields": {"action_time": "2021-08-18T14:25:15.226Z", "user": 1, "content_type": 10, "object_id": "12", "object_repr": "Next Hotel - valerie", "action_flag": 3, "change_message": ""}}, {"model": "admin.logentry", "pk": 56, "fields": {"action_time": "2021-08-18T14:25:15.229Z", "user": 1, "content_type": 10, "object_id": "11", "object_repr": "Onsen Hotel - valerie", "action_flag": 3, "change_message": ""}}, {"model": "admin.logentry", "pk": 57, "fields": {"action_time": "2021-08-18T14:25:15.232Z", "user": 1, "content_type": 10, "object_id": "10", "object_repr": "Next Hotel - valerie", "action_flag": 3, "change_message": ""}}, {"model": "admin.logentry", "pk": 58, "fields": {"action_time": "2021-08-18T14:25:15.236Z", "user": 1, "content_type": 10, "object_id": "9", "object_repr": "Next Hotel - valerie", "action_flag": 3, "change_message": ""}}, {"model": "admin.logentry", "pk": 59, "fields": {"action_time": "2021-08-18T14:25:15.239Z", "user": 1, "content_type": 10, "object_id": "8", "object_repr": "Next Hotel - valerie", "action_flag": 3, "change_message": ""}}, {"model": "admin.logentry", "pk": 60, "fields": {"action_time": "2021-08-18T14:25:21.080Z", "user": 1, "content_type": 10, "object_id": "36", "object_repr": "Onsen Hotel - valerie", "action_flag": 2, "change_message": "[{\"changed\": {\"fields\": [\"Admin approved\"]}}]"}}, {"model": "admin.logentry", "pk": 61, "fields": {"action_time": "2021-08-18T14:25:24.064Z", "user": 1, "content_type": 10, "object_id": "4", "object_repr": "Onsen Hotel - valerie", "action_flag": 2, "change_message": "[]"}}, {"model": "admin.logentry", "pk": 62, "fields": {"action_time": "2021-08-18T14:25:27.658Z", "user": 1, "content_type": 10, "object_id": "7", "object_repr": "Azabu Pet - Azabu Store - valerie", "action_flag": 2, "change_message": "[]"}}, {"model": "admin.logentry", "pk": 63, "fields": {"action_time": "2021-08-18T14:25:43.096Z", "user": 1, "content_type": 10, "object_id": "6", "object_repr": "Azabu Pet - Azabu Store - valerie", "action_flag": 2, "change_message": "[{\"changed\": {\"fields\": [\"Admin approved\"]}}]"}}, {"model": "admin.logentry", "pk": 64, "fields": {"action_time": "2021-08-18T14:25:52.280Z", "user": 1, "content_type": 10, "object_id": "6", "object_repr": "Azabu Pet - Azabu Store - valerie", "action_flag": 2, "change_message": "[]"}}, {"model": "admin.logentry", "pk": 65, "fields": {"action_time": "2021-08-18T14:25:54.777Z", "user": 1, "content_type": 10, "object_id": "5", "object_repr": "Azabu Pet - Azabu Store - valerie", "action_flag": 2, "change_message": "[]"}}, {"model": "admin.logentry", "pk": 66, "fields": {"action_time": "2021-08-18T14:25:57.960Z", "user": 1, "content_type": 10, "object_id": "36", "object_repr": "Onsen Hotel - valerie", "action_flag": 2, "change_message": "[]"}}, {"model": "admin.logentry", "pk": 67, "fields": {"action_time": "2021-08-18T14:26:44.032Z", "user": 1, "content_type": 10, "object_id": "6", "object_repr": "Azabu Pet - Azabu Store - valerie", "action_flag": 2, "change_message": "[{\"changed\": {\"fields\": [\"Admin approved\"]}}]"}}, {"model": "admin.logentry", "pk": 68, "fields": {"action_time": "2021-08-22T11:40:15.395Z", "user": 1, "content_type": 9, "object_id": "7", "object_repr": "Friends of Cats Sapporo", "action_flag": 2, "change_message": "[{\"changed\": {\"fields\": [\"High Season Rates\", \"Admin approved\"]}}]"}}, {"model": "admin.logentry", "pk": 69, "fields": {"action_time": "2021-08-22T11:40:20.562Z", "user": 1, "content_type": 9, "object_id": "7", "object_repr": "Friends of Cats Sapporo", "action_flag": 2, "change_message": "[]"}}, {"model": "admin.logentry", "pk": 70, "fields": {"action_time": "2021-08-22T11:40:24.635Z", "user": 1, "content_type": 9, "object_id": "8", "object_repr": "Paws Around Sapporo", "action_flag": 2, "change_message": "[{\"changed\": {\"fields\": [\"High Season Rates\", \"Admin approved\"]}}]"}}, {"model": "admin.logentry", "pk": 71, "fields": {"action_time": "2021-08-23T12:29:05.039Z", "user": 1, "content_type": 10, "object_id": "7", "object_repr": "Azabu Pet - Azabu Store - valerie", "action_flag": 2, "change_message": "[{\"changed\": {\"fields\": [\"Admin approved\"]}}]"}}, {"model": "admin.logentry", "pk": 72, "fields": {"action_time": "2021-08-23T12:48:59.718Z", "user": 1, "content_type": 9, "object_id": "7", "object_repr": "Friends of Cats Sapporo", "action_flag": 2, "change_message": "[{\"changed\": {\"fields\": [\"Admin approved\"]}}]"}}, {"model": "admin.logentry", "pk": 73, "fields": {"action_time": "2021-08-23T12:49:03.756Z", "user": 1, "content_type": 9, "object_id": "4", "object_repr": "Next Hotel", "action_flag": 2, "change_message": "[{\"changed\": {\"fields\": [\"Admin approved\"]}}]"}}, {"model": "admin.logentry", "pk": 74, "fields": {"action_time": "2021-08-23T12:55:25.886Z", "user": 1, "content_type": 9, "object_id": "8", "object_repr": "Paws Around Sapporo", "action_flag": 2, "change_message": "[{\"changed\": {\"fields\": [\"Admin approved\"]}}]"}}, {"model": "admin.logentry", "pk": 75, "fields": {"action_time": "2021-08-23T12:55:28.996Z", "user": 1, "content_type": 9, "object_id": "4", "object_repr": "Next Hotel", "action_flag": 2, "change_message": "[{\"changed\": {\"fields\": [\"Admin approved\"]}}]"}}, {"model": "admin.logentry", "pk": 76, "fields": {"action_time": "2021-08-23T13:03:02.013Z", "user": 1, "content_type": 9, "object_id": "8", "object_repr": "Paws Around Sapporo", "action_flag": 2, "change_message": "[{\"changed\": {\"fields\": [\"Admin approved\"]}}]"}}, {"model": "admin.logentry", "pk": 77, "fields": {"action_time": "2021-08-23T13:03:05.932Z", "user": 1, "content_type": 9, "object_id": "4", "object_repr": "Next Hotel", "action_flag": 2, "change_message": "[{\"changed\": {\"fields\": [\"Admin approved\"]}}]"}}, {"model": "admin.logentry", "pk": 78, "fields": {"action_time": "2021-08-23T13:07:47.016Z", "user": 1, "content_type": 9, "object_id": "8", "object_repr": "Paws Around Sapporo", "action_flag": 2, "change_message": "[{\"changed\": {\"fields\": [\"Admin approved\"]}}]"}}, {"model": "admin.logentry", "pk": 79, "fields": {"action_time": "2021-08-23T13:07:50.188Z", "user": 1, "content_type": 9, "object_id": "2", "object_repr": "Love Cats", "action_flag": 2, "change_message": "[{\"changed\": {\"fields\": [\"Admin approved\"]}}]"}}, {"model": "admin.logentry", "pk": 80, "fields": {"action_time": "2021-08-23T13:12:56.823Z", "user": 1, "content_type": 9, "object_id": "4", "object_repr": "Next Hotel", "action_flag": 2, "change_message": "[{\"changed\": {\"fields\": [\"Admin approved\"]}}]"}}, {"model": "admin.logentry", "pk": 81, "fields": {"action_time": "2021-08-23T13:13:00.709Z", "user": 1, "content_type": 9, "object_id": "2", "object_repr": "Love Cats", "action_flag": 2, "change_message": "[{\"changed\": {\"fields\": [\"Admin approved\"]}}]"}}, {"model": "admin.logentry", "pk": 82, "fields": {"action_time": "2021-08-23T13:15:58.710Z", "user": 1, "content_type": 9, "object_id": "8", "object_repr": "Paws Around Sapporo", "action_flag": 2, "change_message": "[{\"changed\": {\"fields\": [\"Admin approved\"]}}]"}}, {"model": "admin.logentry", "pk": 83, "fields": {"action_time": "2021-08-23T13:16:50.703Z", "user": 1, "content_type": 9, "object_id": "1", "object_repr": "Onsen Hotel", "action_flag": 2, "change_message": "[{\"changed\": {\"fields\": [\"Admin approved\"]}}]"}}, {"model": "admin.logentry", "pk": 84, "fields": {"action_time": "2021-08-23T13:37:50.110Z", "user": 1, "content_type": 9, "object_id": "7", "object_repr": "Friends of Cats Sapporo", "action_flag": 2, "change_message": "[{\"changed\": {\"fields\": [\"Admin approved\"]}}]"}}, {"model": "admin.logentry", "pk": 85, "fields": {"action_time": "2021-08-23T13:37:53.643Z", "user": 1, "content_type": 9, "object_id": "4", "object_repr": "Next Hotel", "action_flag": 2, "change_message": "[{\"changed\": {\"fields\": [\"Admin approved\"]}}]"}}, {"model": "admin.logentry", "pk": 86, "fields": {"action_time": "2021-08-23T13:41:15.549Z", "user": 1, "content_type": 9, "object_id": "2", "object_repr": "Love Cats", "action_flag": 2, "change_message": "[{\"changed\": {\"fields\": [\"Admin approved\"]}}]"}}, {"model": "admin.logentry", "pk": 87, "fields": {"action_time": "2021-08-23T13:41:19.101Z", "user": 1, "content_type": 9, "object_id": "5", "object_repr": "Azabu Pet - Azabu Store", "action_flag": 2, "change_message": "[{\"changed\": {\"fields\": [\"Admin approved\"]}}]"}}, {"model": "admin.logentry", "pk": 88, "fields": {"action_time": "2021-08-23T13:43:28.303Z", "user": 1, "content_type": 9, "object_id": "2", "object_repr": "Love Cats", "action_flag": 2, "change_message": "[{\"changed\": {\"fields\": [\"Admin approved\"]}}]"}}, {"model": "admin.logentry", "pk": 89, "fields": {"action_time": "2021-08-23T13:43:33.292Z", "user": 1, "content_type": 9, "object_id": "7", "object_repr": "Friends of Cats Sapporo", "action_flag": 2, "change_message": "[{\"changed\": {\"fields\": [\"Admin approved\"]}}]"}}, {"model": "admin.logentry", "pk": 90, "fields": {"action_time": "2021-08-23T13:47:10.512Z", "user": 1, "content_type": 10, "object_id": "37", "object_repr": "Friends of Cats Sapporo - hellokitty", "action_flag": 1, "change_message": "[{\"added\": {}}]"}}, {"model": "admin.logentry", "pk": 91, "fields": {"action_time": "2021-08-23T13:47:27.120Z", "user": 1, "content_type": 10, "object_id": "38", "object_repr": "Friends of Cats Sapporo - bestcat", "action_flag": 1, "change_message": "[{\"added\": {}}]"}}, {"model": "admin.logentry", "pk": 92, "fields": {"action_time": "2021-08-24T11:49:24.959Z", "user": 1, "content_type": 3, "object_id": "1", "object_repr": "moderators", "action_flag": 1, "change_message": "[{\"added\": {}}]"}}, {"model": "admin.logentry", "pk": 93, "fields": {"action_time": "2021-08-24T11:51:10.987Z", "user": 1, "content_type": 4, "object_id": "10", "object_repr": "yuki", "action_flag": 1, "change_message": "[{\"added\": {}}]"}}, {"model": "admin.logentry", "pk": 94, "fields": {"action_time": "2021-08-24T11:51:49.286Z", "user": 1, "content_type": 4, "object_id": "10", "object_repr": "yuki", "action_flag": 2, "change_message": "[{\"changed\": {\"fields\": [\"First name\", \"Groups\"]}}]"}}, {"model": "admin.logentry", "pk": 95, "fields": {"action_time": "2021-08-25T12:37:57.037Z", "user": 1, "content_type": 9, "object_id": "7", "object_repr": "Friends of Cats Sapporo", "action_flag": 2, "change_message": "[{\"changed\": {\"fields\": [\"Hotel Website\", \"Google Maps URL\", \"Hotel Logo\", \"Open Hours\", \"Nightly Price\", \"Other Information\", \"Hotel Image\"]}}]"}}, {"model": "admin.logentry", "pk": 96, "fields": {"action_time": "2021-08-25T12:47:47.989Z", "user": 1, "content_type": 9, "object_id": "8", "object_repr": "Dadswell Pet Buddy (Main Shop)", "action_flag": 2, "change_message": "[{\"changed\": {\"fields\": [\"Hotel Name\", \"Hotel Website\", \"Google Maps URL\", \"Address\", \"Hotel Logo\", \"Open Hours\", \"Nightly Price\", \"High Season Rates\", \"Dogs on Premises\", \"Short Term Available\", \"Food Available\", \"Special Services\", \"Other Information\", \"Hotel Image\"]}}]"}}, {"model": "admin.logentry", "pk": 97, "fields": {"action_time": "2021-08-25T12:52:04.414Z", "user": 1, "content_type": 9, "object_id": "12", "object_repr": "Dadswell Pet Buddy (Suigenchidori Shop)", "action_flag": 1, "change_message": "[{\"added\": {}}]"}}, {"model": "admin.logentry", "pk": 98, "fields": {"action_time": "2021-08-25T13:12:01.527Z", "user": 1, "content_type": 9, "object_id": "13", "object_repr": "DogLovequa Nyan's Room", "action_flag": 1, "change_message": "[{\"added\": {}}]"}}, {"model": "admin.logentry", "pk": 99, "fields": {"action_time": "2021-08-25T13:15:50.066Z", "user": 1, "content_type": 9, "object_id": "14", "object_repr": "HANA Pet", "action_flag": 1, "change_message": "[{\"added\": {}}]"}}, {"model": "admin.logentry", "pk": 100, "fields": {"action_time": "2021-08-25T13:19:01.178Z", "user": 1, "content_type": 9, "object_id": "15", "object_repr": "CatDog", "action_flag": 1, "change_message": "[{\"added\": {}}]"}}, {"model": "admin.logentry", "pk": 101, "fields": {"action_time": "2021-08-26T12:59:40.758Z", "user": 1, "content_type": 10, "object_id": "39", "object_repr": "Friends of Cats Sapporo - tokyocatlady", "action_flag": 2, "change_message": "[]"}}, {"model": "admin.logentry", "pk": 102, "fields": {"action_time": "2021-08-26T12:59:45.492Z", "user": 1, "content_type": 10, "object_id": "37", "object_repr": "Friends of Cats Sapporo - hellokitty", "action_flag": 2, "change_message": "[]"}}, {"model": "admin.logentry", "pk": 103, "fields": {"action_time": "2021-08-27T14:09:32.875Z", "user": 1, "content_type": 11, "object_id": "1", "object_repr": "Likes object (1)", "action_flag": 1, "change_message": "[{\"added\": {}}]"}}, {"model": "admin.logentry", "pk": 104, "fields": {"action_time": "2021-08-27T14:18:43.336Z", "user": 1, "content_type": 11, "object_id": "7", "object_repr": "HANA Pet - valerie", "action_flag": 3, "change_message": ""}}, {"model": "admin.logentry", "pk": 105, "fields": {"action_time": "2021-09-01T13:40:48.114Z", "user": 1, "content_type": 4, "object_id": "12", "object_repr": "testcat", "action_flag": 1, "change_message": "[{\"added\": {}}]"}}, {"model": "admin.logentry", "pk": 106, "fields": {"action_time": "2021-09-01T13:42:30.996Z", "user": 1, "content_type": 4, "object_id": "13", "object_repr": "modcat", "action_flag": 1, "change_message": "[{\"added\": {}}]"}}, {"model": "admin.logentry", "pk": 107, "fields": {"action_time": "2021-09-01T13:42:48.951Z", "user": 1, "content_type": 4, "object_id": "13", "object_repr": "modcat", "action_flag": 2, "change_message": "[{\"changed\": {\"fields\": [\"password\"]}}]"}}, {"model": "auth.permission", "pk": 1, "fields": {"name": "Can add log entry", "content_type": 1, "codename": "add_logentry"}}, {"model": "auth.permission", "pk": 2, "fields": {"name": "Can change log entry", "content_type": 1, "codename": "change_logentry"}}, {"model": "auth.permission", "pk": 3, "fields": {"name": "Can delete log entry", "content_type": 1, "codename": "delete_logentry"}}, {"model": "auth.permission", "pk": 4, "fields": {"name": "Can view log entry", "content_type": 1, "codename": "view_logentry"}}, {"model": "auth.permission", "pk": 5, "fields": {"name": "Can add permission", "content_type": 2, "codename": "add_permission"}}, {"model": "auth.permission", "pk": 6, "fields": {"name": "Can change permission", "content_type": 2, "codename": "change_permission"}}, {"model": "auth.permission", "pk": 7, "fields": {"name": "Can delete permission", "content_type": 2, "codename": "delete_permission"}}, {"model": "auth.permission", "pk": 8, "fields": {"name": "Can view permission", "content_type": 2, "codename": "view_permission"}}, {"model": "auth.permission", "pk": 9, "fields": {"name": "Can add group", "content_type": 3, "codename": "add_group"}}, {"model": "auth.permission", "pk": 10, "fields": {"name": "Can change group", "content_type": 3, "codename": "change_group"}}, {"model": "auth.permission", "pk": 11, "fields": {"name": "Can delete group", "content_type": 3, "codename": "delete_group"}}, {"model": "auth.permission", "pk": 12, "fields": {"name": "Can view group", "content_type": 3, "codename": "view_group"}}, {"model": "auth.permission", "pk": 13, "fields": {"name": "Can add user", "content_type": 4, "codename": "add_user"}}, {"model": "auth.permission", "pk": 14, "fields": {"name": "Can change user", "content_type": 4, "codename": "change_user"}}, {"model": "auth.permission", "pk": 15, "fields": {"name": "Can delete user", "content_type": 4, "codename": "delete_user"}}, {"model": "auth.permission", "pk": 16, "fields": {"name": "Can view user", "content_type": 4, "codename": "view_user"}}, {"model": "auth.permission", "pk": 17, "fields": {"name": "Can add content type", "content_type": 5, "codename": "add_contenttype"}}, {"model": "auth.permission", "pk": 18, "fields": {"name": "Can change content type", "content_type": 5, "codename": "change_contenttype"}}, {"model": "auth.permission", "pk": 19, "fields": {"name": "Can delete content type", "content_type": 5, "codename": "delete_contenttype"}}, {"model": "auth.permission", "pk": 20, "fields": {"name": "Can view content type", "content_type": 5, "codename": "view_contenttype"}}, {"model": "auth.permission", "pk": 21, "fields": {"name": "Can add session", "content_type": 6, "codename": "add_session"}}, {"model": "auth.permission", "pk": 22, "fields": {"name": "Can change session", "content_type": 6, "codename": "change_session"}}, {"model": "auth.permission", "pk": 23, "fields": {"name": "Can delete session", "content_type": 6, "codename": "delete_session"}}, {"model": "auth.permission", "pk": 24, "fields": {"name": "Can view session", "content_type": 6, "codename": "view_session"}}, {"model": "auth.permission", "pk": 25, "fields": {"name": "Can add prefecture", "content_type": 7, "codename": "add_prefecture"}}, {"model": "auth.permission", "pk": 26, "fields": {"name": "Can change prefecture", "content_type": 7, "codename": "change_prefecture"}}, {"model": "auth.permission", "pk": 27, "fields": {"name": "Can delete prefecture", "content_type": 7, "codename": "delete_prefecture"}}, {"model": "auth.permission", "pk": 28, "fields": {"name": "Can view prefecture", "content_type": 7, "codename": "view_prefecture"}}, {"model": "auth.permission", "pk": 29, "fields": {"name": "Can add city", "content_type": 8, "codename": "add_city"}}, {"model": "auth.permission", "pk": 30, "fields": {"name": "Can change city", "content_type": 8, "codename": "change_city"}}, {"model": "auth.permission", "pk": 31, "fields": {"name": "Can delete city", "content_type": 8, "codename": "delete_city"}}, {"model": "auth.permission", "pk": 32, "fields": {"name": "Can view city", "content_type": 8, "codename": "view_city"}}, {"model": "auth.permission", "pk": 33, "fields": {"name": "Can add hotel", "content_type": 9, "codename": "add_hotel"}}, {"model": "auth.permission", "pk": 34, "fields": {"name": "Can change hotel", "content_type": 9, "codename": "change_hotel"}}, {"model": "auth.permission", "pk": 35, "fields": {"name": "Can delete hotel", "content_type": 9, "codename": "delete_hotel"}}, {"model": "auth.permission", "pk": 36, "fields": {"name": "Can view hotel", "content_type": 9, "codename": "view_hotel"}}, {"model": "auth.permission", "pk": 37, "fields": {"name": "Can add review", "content_type": 10, "codename": "add_review"}}, {"model": "auth.permission", "pk": 38, "fields": {"name": "Can change review", "content_type": 10, "codename": "change_review"}}, {"model": "auth.permission", "pk": 39, "fields": {"name": "Can delete review", "content_type": 10, "codename": "delete_review"}}, {"model": "auth.permission", "pk": 40, "fields": {"name": "Can view review", "content_type": 10, "codename": "view_review"}}, {"model": "auth.permission", "pk": 41, "fields": {"name": "Can add likes", "content_type": 11, "codename": "add_likes"}}, {"model": "auth.permission", "pk": 42, "fields": {"name": "Can change likes", "content_type": 11, "codename": "change_likes"}}, {"model": "auth.permission", "pk": 43, "fields": {"name": "Can delete likes", "content_type": 11, "codename": "delete_likes"}}, {"model": "auth.permission", "pk": 44, "fields": {"name": "Can view likes", "content_type": 11, "codename": "view_likes"}}, {"model": "auth.group", "pk": 1, "fields": {"name": "moderators", "permissions": []}}, {"model": "auth.user", "pk": 1, "fields": {"password": "pbkdf2_sha256$260000$xurzvrcTZuGkBrydRkT2ib$sz8KC7YW8X32Jbh3uWtsefwrHvNz5zRhlXVTfKNGtAM=", "last_login": "2021-09-03T12:28:04.368Z", "is_superuser": true, "username": "valerie", "first_name": "Vivi", "last_name": "", "email": "t@t.com", "is_staff": true, "is_active": true, "date_joined": "2021-08-13T15:21:23Z", "groups": [], "user_permissions": []}}, {"model": "auth.user", "pk": 2, "fields": {"password": "pbkdf2_sha256$260000$C8o7RejDVsOlk1AOZqWVxm$C/z94db6Bw+Hd1TgZIVZRpoxEsgnlLzYTHaIWfeywds=", "last_login": null, "is_superuser": false, "username": "bestcat", "first_name": "", "last_name": "", "email": "cats@cat.com", "is_staff": false, "is_active": true, "date_joined": "2021-08-19T13:41:49.603Z", "groups": [], "user_permissions": []}}, {"model": "auth.user", "pk": 3, "fields": {"password": "pbkdf2_sha256$260000$Q6r1jef5FTPSqDnfruTpIb$QZuzpnszfhmb4QWKnLJ5v98gfq+779H2RteLWeW4J7g=", "last_login": null, "is_superuser": false, "username": "hokkaidonyan", "first_name": "", "last_name": "", "email": "hok@hok.com", "is_staff": false, "is_active": true, "date_joined": "2021-08-19T14:09:58.410Z", "groups": [], "user_permissions": []}}, {"model": "auth.user", "pk": 4, "fields": {"password": "pbkdf2_sha256$260000$adzFeK0aPUz6XijxK51SOt$oLVu4Gmw/o2AlH+h29h/wZgUO5x0Rb0WDZqPfQGT77U=", "last_login": "2021-09-01T11:53:50.026Z", "is_superuser": false, "username": "tokyocatlady", "first_name": "", "last_name": "", "email": "cat@c.at", "is_staff": false, "is_active": true, "date_joined": "2021-08-21T15:48:31.560Z", "groups": [], "user_permissions": []}}, {"model": "auth.user", "pk": 5, "fields": {"password": "pbkdf2_sha256$260000$89b7V8IAIVB0rgl2qOWAZS$wnPTMTkaaZuTHGFZtlmj4AYtzEd7BOj13YkCfxBj33U=", "last_login": "2021-08-22T07:12:32.053Z", "is_superuser": false, "username": "hellokitty", "first_name": "", "last_name": "", "email": "hello@kitty.com", "is_staff": false, "is_active": true, "date_joined": "2021-08-22T07:12:21.900Z", "groups": [], "user_permissions": []}}, {"model": "auth.user", "pk": 6, "fields": {"password": "pbkdf2_sha256$260000$XSybgEwXBOdh6DElTrNeWV$YevXUIaFjqn+iNPmQaVGncWg3mOw9Jubh3JxPeO+gjM=", "last_login": null, "is_superuser": false, "username": "longcat", "first_name": "", "last_name": "", "email": "dddd@g.com", "is_staff": false, "is_active": true, "date_joined": "2021-08-22T07:44:13.896Z", "groups": [], "user_permissions": []}}, {"model": "auth.user", "pk": 7, "fields": {"password": "pbkdf2_sha256$260000$Bd3l0TpJGsopmKCvciN0bu$ODuDIPi5fJoY++6IJtq8FrcaqFg+znRV1SQwxYbChcI=", "last_login": "2021-08-22T07:45:41.600Z", "is_superuser": false, "username": "longestcat", "first_name": "", "last_name": "", "email": "longest@cat.com", "is_staff": false, "is_active": true, "date_joined": "2021-08-22T07:45:41.181Z", "groups": [], "user_permissions": []}}, {"model": "auth.user", "pk": 8, "fields": {"password": "pbkdf2_sha256$260000$8ABSjuQjfzTKzluA3fFA9h$5ObTM0QfuTIIWErgyxU0pflW9J+rqTNfoKTaZjRtfXU=", "last_login": "2021-08-22T07:47:06.983Z", "is_superuser": false, "username": "sweetiecat", "first_name": "", "last_name": "", "email": "sweet@gmail.com", "is_staff": false, "is_active": true, "date_joined": "2021-08-22T07:47:06.564Z", "groups": [], "user_permissions": []}}, {"model": "auth.user", "pk": 9, "fields": {"password": "pbkdf2_sha256$260000$QFUpFXDFnjwDRGNQ5G1GQ6$zyXKVJqgZJ4qkZHS97FWYp5PoMrCbr8n58AI8e1+/IA=", "last_login": "2021-08-22T07:52:20.776Z", "is_superuser": false, "username": "kittenmittens", "first_name": "", "last_name": "", "email": "kitten@mittens.com", "is_staff": false, "is_active": true, "date_joined": "2021-08-22T07:52:20.356Z", "groups": [], "user_permissions": []}}, {"model": "auth.user", "pk": 10, "fields": {"password": "pbkdf2_sha256$260000$mYopol4yR0S7RiSDSx9ZID$A7eae2wB/vub9GQ6q8OgvfoLGrujwJFIIiZfkAmLCZY=", "last_login": "2021-09-03T12:31:21.773Z", "is_superuser": false, "username": "yuki", "first_name": "ゆうゆう", "last_name": "", "email": "", "is_staff": false, "is_active": true, "date_joined": "2021-08-24T11:51:10Z", "groups": [1], "user_permissions": []}}, {"model": "auth.user", "pk": 11, "fields": {"password": "pbkdf2_sha256$260000$pKYkDlRIjLp30F5En0IH6x$P3xel4593p0LZIH7dSvgnVEvh3uYAirHcIG1pXtj/xg=", "last_login": "2021-09-01T13:39:38.920Z", "is_superuser": false, "username": "fewt4wq2t24", "first_name": "", "last_name": "", "email": "gg@ggg.com", "is_staff": false, "is_active": true, "date_joined": "2021-09-01T13:39:38.505Z", "groups": [], "user_permissions": []}}, {"model": "auth.user", "pk": 12, "fields": {"password": "pbkdf2_sha256$260000$tULRr8eDpmxGDht4mR3BW5$EUE+QXja2dW6p/eMLtxM3Abswl4CyTXhXLM0Z6Fr1aE=", "last_login": null, "is_superuser": false, "username": "testcat", "first_name": "", "last_name": "", "email": "", "is_staff": false, "is_active": true, "date_joined": "2021-09-01T13:40:47.913Z", "groups": [], "user_permissions": []}}, {"model": "auth.user", "pk": 13, "fields": {"password": "pbkdf2_sha256$260000$OEec3NSOdKaDVZWGy6M2jP$BHeXbUGJ4nxhF8JDibGK/qX4Nk8gdbtMylWqdZmwHts=", "last_login": null, "is_superuser": false, "username": "modcat", "first_name": "", "last_name": "", "email": "", "is_staff": false, "is_active": true, "date_joined": "2021-09-01T13:42:30.793Z", "groups": [], "user_permissions": []}}, {"model": "contenttypes.contenttype", "pk": 1, "fields": {"app_label": "admin", "model": "logentry"}}, {"model": "contenttypes.contenttype", "pk": 2, "fields": {"app_label": "auth", "model": "permission"}}, {"model": "contenttypes.contenttype", "pk": 3, "fields": {"app_label": "auth", "model": "group"}}, {"model": "contenttypes.contenttype", "pk": 4, "fields": {"app_label": "auth", "model": "user"}}, {"model": "contenttypes.contenttype", "pk": 5, "fields": {"app_label": "contenttypes", "model": "contenttype"}}, {"model": "contenttypes.contenttype", "pk": 6, "fields": {"app_label": "sessions", "model": "session"}}, {"model": "contenttypes.contenttype", "pk": 7, "fields": {"app_label": "TabiNyans", "model": "prefecture"}}, {"model": "contenttypes.contenttype", "pk": 8, "fields": {"app_label": "TabiNyans", "model": "city"}}, {"model": "contenttypes.contenttype", "pk": 9, "fields": {"app_label": "TabiNyans", "model": "hotel"}}, {"model": "contenttypes.contenttype", "pk": 10, "fields": {"app_label": "TabiNyans", "model": "review"}}, {"model": "contenttypes.contenttype", "pk": 11, "fields": {"app_label": "TabiNyans", "model": "likes"}}, {"model": "sessions.session", "pk": "6sdu9tvzpaqofl4e5bq3hltfz9r9zw63", "fields": {"session_data": ".eJxVjDsOwjAQBe_iGln-LEuWkp4zRGt7jQPIluKkQtwdIqWA9s3Me6mR16WMa5d5nJI6K6sOv1vg-JC6gXTnems6trrMU9Cbonfa9bUleV529--gcC_fGgWGnJkjU0IHENAaJi_iI2bjCbwYC068h5BcIjZDQLEUT4AMdFTvD_I3N88:1mFHbg:GEJH2BUYZq8LB0Y_N38Yydd1wilxb5TSSoZsLxk-QXI", "expire_date": "2021-08-29T14:59:24.280Z"}}, {"model": "sessions.session", "pk": "awqogvos3m3la5tvw6xf6rv39mkfiocm", "fields": {"session_data": ".eJxVjDsOwjAQBe_iGln-LEuWkp4zRGt7jQPIluKkQtwdIqWA9s3Me6mR16WMa5d5nJI6K6sOv1vg-JC6gXTnems6trrMU9Cbonfa9bUleV529--gcC_fGgWGnJkjU0IHENAaJi_iI2bjCbwYC068h5BcIjZDQLEUT4AMdFTvD_I3N88:1mLQWI:HA9v8C0qODu4s7l4KU9KPH_KTLrPuf64dbEwBsuChT0", "expire_date": "2021-09-15T13:43:14.522Z"}}, {"model": "sessions.session", "pk": "hhvw72v2e6g9sfj9cxhdnhr40f3wihj0", "fields": {"session_data": "e30:1mHi9O:PBtA36W5NRmuaSNPnClYEEf9sXa61Rrrcy4Pvc4BPIY", "expire_date": "2021-09-05T07:44:14.102Z"}}, {"model": "sessions.session", "pk": "qbn3au3iijdeaf91hvj4rf5qayylmfso", "fields": {"session_data": ".eJxVjEEOwiAQRe_C2pCBMkBduu8ZCANTqRqalHZlvLtt0oVu_3vvv0WI21rC1ngJUxZXoUBcfkeK6cn1IPkR632Waa7rMpE8FHnSJoc58-t2un8HJbay10YTgbEJHTI5Tcb6zoBL5Mfc78DqrNEidkmNjAjQg9NZsUkMFrQXny_jATbY:1mM8Lp:ErY7AC1aK_Ebr_t9XmaYkRlMeH0FLDdtbqNPr9UO_vY", "expire_date": "2021-09-17T12:31:21.774Z"}}, {"model": "TabiNyans.prefecture", "pk": 1, "fields": {"prefecture": "Hokkaido"}}, {"model": "TabiNyans.prefecture", "pk": 2, "fields": {"prefecture": "Aomori"}}, {"model": "TabiNyans.prefecture", "pk": 3, "fields": {"prefecture": "Iwate"}}, {"model": "TabiNyans.prefecture", "pk": 4, "fields": {"prefecture": "Miyagi"}}, {"model": "TabiNyans.prefecture", "pk": 5, "fields": {"prefecture": "Akita"}}, {"model": "TabiNyans.prefecture", "pk": 6, "fields": {"prefecture": "Yamagata"}}, {"model": "TabiNyans.prefecture", "pk": 7, "fields": {"prefecture": "Fukushima"}}, {"model": "TabiNyans.prefecture", "pk": 8, "fields": {"prefecture": "Ibaraki"}}, {"model": "TabiNyans.prefecture", "pk": 9, "fields": {"prefecture": "Tochigi"}}, {"model": "TabiNyans.prefecture", "pk": 10, "fields": {"prefecture": "Gunma"}}, {"model": "TabiNyans.prefecture", "pk": 11, "fields": {"prefecture": "Saitama"}}, {"model": "TabiNyans.prefecture", "pk": 12, "fields": {"prefecture": "Chiba"}}, {"model": "TabiNyans.prefecture", "pk": 13, "fields": {"prefecture": "Tokyo"}}, {"model": "TabiNyans.prefecture", "pk": 14, "fields": {"prefecture": "Kanagawa"}}, {"model": "TabiNyans.prefecture", "pk": 15, "fields": {"prefecture": "Niigata"}}, {"model": "TabiNyans.prefecture", "pk": 16, "fields": {"prefecture": "Toyama"}}, {"model": "TabiNyans.prefecture", "pk": 17, "fields": {"prefecture": "Ishikawa"}}, {"model": "TabiNyans.prefecture", "pk": 18, "fields": {"prefecture": "Fukui"}}, {"model": "TabiNyans.prefecture", "pk": 19, "fields": {"prefecture": "Yamanashi"}}, {"model": "TabiNyans.prefecture", "pk": 20, "fields": {"prefecture": "Nagano"}}, {"model": "TabiNyans.prefecture", "pk": 21, "fields": {"prefecture": "Gifu"}}, {"model": "TabiNyans.prefecture", "pk": 22, "fields": {"prefecture": "Shizuoka"}}, {"model": "TabiNyans.prefecture", "pk": 23, "fields": {"prefecture": "Aichi"}}, {"model": "TabiNyans.prefecture", "pk": 24, "fields": {"prefecture": "Mie"}}, {"model": "TabiNyans.prefecture", "pk": 25, "fields": {"prefecture": "Shiga"}}, {"model": "TabiNyans.prefecture", "pk": 26, "fields": {"prefecture": "Kyoto"}}, {"model": "TabiNyans.prefecture", "pk": 27, "fields": {"prefecture": "Osaka"}}, {"model": "TabiNyans.prefecture", "pk": 28, "fields": {"prefecture": "Hyogo"}}, {"model": "TabiNyans.prefecture", "pk": 29, "fields": {"prefecture": "Nara"}}, {"model": "TabiNyans.prefecture", "pk": 30, "fields": {"prefecture": "Wakayama"}}, {"model": "TabiNyans.prefecture", "pk": 31, "fields": {"prefecture": "Tottori"}}, {"model": "TabiNyans.prefecture", "pk": 32, "fields": {"prefecture": "Shimane"}}, {"model": "TabiNyans.prefecture", "pk": 33, "fields": {"prefecture": "Okayama"}}, {"model": "TabiNyans.prefecture", "pk": 34, "fields": {"prefecture": "Hiroshima"}}, {"model": "TabiNyans.prefecture", "pk": 35, "fields": {"prefecture": "Yamaguchi"}}, {"model": "TabiNyans.prefecture", "pk": 36, "fields": {"prefecture": "Tokushima"}}, {"model": "TabiNyans.prefecture", "pk": 37, "fields": {"prefecture": "Kagawa"}}, {"model": "TabiNyans.prefecture", "pk": 38, "fields": {"prefecture": "Ehime"}}, {"model": "TabiNyans.prefecture", "pk": 39, "fields": {"prefecture": "Kochi"}}, {"model": "TabiNyans.prefecture", "pk": 40, "fields": {"prefecture": "Fukuoka"}}, {"model": "TabiNyans.prefecture", "pk": 41, "fields": {"prefecture": "Saga"}}, {"model": "TabiNyans.prefecture", "pk": 42, "fields": {"prefecture": "Nagasaki"}}, {"model": "TabiNyans.prefecture", "pk": 43, "fields": {"prefecture": "Kumamoto"}}, {"model": "TabiNyans.prefecture", "pk": 44, "fields": {"prefecture": "Oita"}}, {"model": "TabiNyans.prefecture", "pk": 45, "fields": {"prefecture": "Miyazaki"}}, {"model": "TabiNyans.prefecture", "pk": 46, "fields": {"prefecture": "Kagoshima"}}, {"model": "TabiNyans.prefecture", "pk": 47, "fields": {"prefecture": "Okinawa"}}, {"model": "TabiNyans.city", "pk": 1, "fields": {"prefecture": 1, "city": "Sapporo"}}, {"model": "TabiNyans.city", "pk": 2, "fields": {"prefecture": 1, "city": "Chuo-ku, Sapporo"}}, {"model": "TabiNyans.city", "pk": 3, "fields": {"prefecture": 1, "city": "Kita-ku, Sapporo"}}, {"model": "TabiNyans.city", "pk": 4, "fields": {"prefecture": 1, "city": "Higashi-ku, Sapporo"}}, {"model": "TabiNyans.city", "pk": 5, "fields": {"prefecture": 1, "city": "Shiroishi-ku, Sapporo"}}, {"model": "TabiNyans.city", "pk": 6, "fields": {"prefecture": 1, "city": "Toyohira-ku, Sapporo"}}, {"model": "TabiNyans.city", "pk": 7, "fields": {"prefecture": 1, "city": "Minami-ku, Sapporo"}}, {"model": "TabiNyans.city", "pk": 8, "fields": {"prefecture": 1, "city": "Nishi-ku, Sapporo"}}, {"model": "TabiNyans.city", "pk": 9, "fields": {"prefecture": 1, "city": "Atsubetsu-ku, Sapporo"}}, {"model": "TabiNyans.city", "pk": 10, "fields": {"prefecture": 1, "city": "Teine-ku, Sapporo"}}, {"model": "TabiNyans.city", "pk": 11, "fields": {"prefecture": 1, "city": "Kiyota-ku, Sapporo"}}, {"model": "TabiNyans.city", "pk": 12, "fields": {"prefecture": 1, "city": "Hakodate"}}, {"model": "TabiNyans.city", "pk": 13, "fields": {"prefecture": 1, "city": "Otaru"}}, {"model": "TabiNyans.city", "pk": 14, "fields": {"prefecture": 1, "city": "Asahikawa"}}, {"model": "TabiNyans.city", "pk": 15, "fields": {"prefecture": 1, "city": "Muroran, Hokkaido"}}, {"model": "TabiNyans.city", "pk": 16, "fields": {"prefecture": 1, "city": "Kushiro, Hokkaido"}}, {"model": "TabiNyans.city", "pk": 17, "fields": {"prefecture": 1, "city": "Obihiro, Hokkaido"}}, {"model": "TabiNyans.city", "pk": 18, "fields": {"prefecture": 1, "city": "Kitami, Hokkaido"}}, {"model": "TabiNyans.city", "pk": 19, "fields": {"prefecture": 1, "city": "Yubari, Hokkaido"}}, {"model": "TabiNyans.city", "pk": 20, "fields": {"prefecture": 1, "city": "Iwamizawa, Hokkaido"}}, {"model": "TabiNyans.city", "pk": 21, "fields": {"prefecture": 1, "city": "Abashiri"}}, {"model": "TabiNyans.city", "pk": 22, "fields": {"prefecture": 1, "city": "Rumoi, Hokkaido"}}, {"model": "TabiNyans.city", "pk": 23, "fields": {"prefecture": 1, "city": "Tomakomai, Hokkaido"}}, {"model": "TabiNyans.city", "pk": 24, "fields": {"prefecture": 1, "city": "Wakkanai, Hokkaido"}}, {"model": "TabiNyans.city", "pk": 25, "fields": {"prefecture": 1, "city": "Bibai, Hokkaido"}}, {"model": "TabiNyans.city", "pk": 26, "fields": {"prefecture": 1, "city": "Ashibetsu, Hokkaido"}}, {"model": "TabiNyans.city", "pk": 27, "fields": {"prefecture": 1, "city": "Ebetsu, Hokkaido"}}, {"model": "TabiNyans.city", "pk": 28, "fields": {"prefecture": 1, "city": "Akabira, Hokkaido"}}, {"model": "TabiNyans.city", "pk": 29, "fields": {"prefecture": 1, "city": "Monbetsu, Hokkaido"}}, {"model": "TabiNyans.city", "pk": 30, "fields": {"prefecture": 1, "city": "Shibetsu, Hokkaido"}}, {"model": "TabiNyans.city", "pk": 31, "fields": {"prefecture": 1, "city": "Nayoro, Hokkaido"}}, {"model": "TabiNyans.city", "pk": 32, "fields": {"prefecture": 1, "city": "Mikasa, Hokkaido"}}, {"model": "TabiNyans.city", "pk": 33, "fields": {"prefecture": 1, "city": "Nemuro, Hokkaido"}}, {"model": "TabiNyans.city", "pk": 34, "fields": {"prefecture": 1, "city": "Chitose, Hokkaido"}}, {"model": "TabiNyans.city", "pk": 35, "fields": {"prefecture": 1, "city": "Takikawa, Hokkaido"}}, {"model": "TabiNyans.city", "pk": 36, "fields": {"prefecture": 1, "city": "Sunagawa, Hokkaido"}}, {"model": "TabiNyans.city", "pk": 37, "fields": {"prefecture": 1, "city": "Utashinai, Hokkaido"}}, {"model": "TabiNyans.city", "pk": 38, "fields": {"prefecture": 1, "city": "Fukagawa, Hokkaido"}}, {"model": "TabiNyans.city", "pk": 39, "fields": {"prefecture": 1, "city": "Furano, Hokkaido"}}, {"model": "TabiNyans.city", "pk": 40, "fields": {"prefecture": 1, "city": "Noboribetsu"}}, {"model": "TabiNyans.city", "pk": 41, "fields": {"prefecture": 1, "city": "Eniwa, Hokkaido"}}, {"model": "TabiNyans.city", "pk": 42, "fields": {"prefecture": 1, "city": "Date, Hokkaido"}}, {"model": "TabiNyans.city", "pk": 43, "fields": {"prefecture": 1, "city": "Kitahiroshima, Hokkaido"}}, {"model": "TabiNyans.city", "pk": 44, "fields": {"prefecture": 1, "city": "Ishikari, Hokkaido"}}, {"model": "TabiNyans.city", "pk": 45, "fields": {"prefecture": 1, "city": "Hokuto, Hokkaido"}}, {"model": "TabiNyans.city", "pk": 46, "fields": {"prefecture": 1, "city": "Tobetsu, Hokkaido"}}, {"model": "TabiNyans.city", "pk": 47, "fields": {"prefecture": 1, "city": "Shinshinotsu, Hokkaido"}}, {"model": "TabiNyans.city", "pk": 48, "fields": {"prefecture": 1, "city": "Matsumae, Hokkaido"}}, {"model": "TabiNyans.city", "pk": 49, "fields": {"prefecture": 1, "city": "Fukushima, Hokkaido"}}, {"model": "TabiNyans.city", "pk": 50, "fields": {"prefecture": 1, "city": "Shiriuchi, Hokkaido"}}, {"model": "TabiNyans.city", "pk": 51, "fields": {"prefecture": 1, "city": "Kikonai, Hokkaido"}}, {"model": "TabiNyans.city", "pk": 52, "fields": {"prefecture": 1, "city": "Nanae, Hokkaido"}}, {"model": "TabiNyans.city", "pk": 53, "fields": {"prefecture": 1, "city": "Shikabe, Hokkaido"}}, {"model": "TabiNyans.city", "pk": 54, "fields": {"prefecture": 1, "city": "Mori, Hokkaido"}}, {"model": "TabiNyans.city", "pk": 55, "fields": {"prefecture": 1, "city": "Yakumo, Hokkaido"}}, {"model": "TabiNyans.city", "pk": 56, "fields": {"prefecture": 1, "city": "Oshamambe, Hokkaido"}}, {"model": "TabiNyans.city", "pk": 57, "fields": {"prefecture": 1, "city": "Esashi, Hokkaido (Hiyama)"}}, {"model": "TabiNyans.city", "pk": 58, "fields": {"prefecture": 1, "city": "Kaminokuni, Hokkaido"}}, {"model": "TabiNyans.city", "pk": 59, "fields": {"prefecture": 1, "city": "Assabu, Hokkaido"}}, {"model": "TabiNyans.city", "pk": 60, "fields": {"prefecture": 1, "city": "Otobe, Hokkaido"}}, {"model": "TabiNyans.city", "pk": 61, "fields": {"prefecture": 1, "city": "Okushiri, Hokkaido"}}, {"model": "TabiNyans.city", "pk": 62, "fields": {"prefecture": 1, "city": "Imakane, Hokkaido"}}, {"model": "TabiNyans.city", "pk": 63, "fields": {"prefecture": 1, "city": "Setana, Hokkaido"}}, {"model": "TabiNyans.city", "pk": 64, "fields": {"prefecture": 1, "city": "Shimamaki, Hokkaido"}}, {"model": "TabiNyans.city", "pk": 65, "fields": {"prefecture": 1, "city": "Suttsu, Hokkaido"}}, {"model": "TabiNyans.city", "pk": 66, "fields": {"prefecture": 1, "city": "Kuromatsunai, Hokkaido"}}, {"model": "TabiNyans.city", "pk": 67, "fields": {"prefecture": 1, "city": "Rankoshi, Hokkaido"}}, {"model": "TabiNyans.city", "pk": 68, "fields": {"prefecture": 1, "city": "Niseko, Hokkaido"}}, {"model": "TabiNyans.city", "pk": 69, "fields": {"prefecture": 1, "city": "Makkari, Hokkaido"}}, {"model": "TabiNyans.city", "pk": 70, "fields": {"prefecture": 1, "city": "Rusutsu, Hokkaido"}}, {"model": "TabiNyans.city", "pk": 71, "fields": {"prefecture": 1, "city": "Kimobetsu, Hokkaido"}}, {"model": "TabiNyans.city", "pk": 72, "fields": {"prefecture": 1, "city": "Kyogoku, Hokkaido"}}, {"model": "TabiNyans.city", "pk": 73, "fields": {"prefecture": 1, "city": "Kutchan, Hokkaido"}}, {"model": "TabiNyans.city", "pk": 74, "fields": {"prefecture": 1, "city": "Kyowa, Hokkaido"}}, {"model": "TabiNyans.city", "pk": 75, "fields": {"prefecture": 1, "city": "Iwanai, Hokkaido"}}, {"model": "TabiNyans.city", "pk": 76, "fields": {"prefecture": 1, "city": "Tomari, Hokkaido"}}, {"model": "TabiNyans.city", "pk": 77, "fields": {"prefecture": 1, "city": "Kamoenai, Hokkaido"}}, {"model": "TabiNyans.city", "pk": 78, "fields": {"prefecture": 1, "city": "Shakotan, Hokkaido"}}, {"model": "TabiNyans.city", "pk": 79, "fields": {"prefecture": 1, "city": "Furubira, Hokkaido"}}, {"model": "TabiNyans.city", "pk": 80, "fields": {"prefecture": 1, "city": "Niki, Hokkaido"}}, {"model": "TabiNyans.city", "pk": 81, "fields": {"prefecture": 1, "city": "Yoichi, Hokkaido"}}, {"model": "TabiNyans.city", "pk": 82, "fields": {"prefecture": 1, "city": "Akaigawa, Hokkaido"}}, {"model": "TabiNyans.city", "pk": 83, "fields": {"prefecture": 1, "city": "Nanporo, Hokkaido"}}, {"model": "TabiNyans.city", "pk": 84, "fields": {"prefecture": 1, "city": "Naie, Hokkaido"}}, {"model": "TabiNyans.city", "pk": 85, "fields": {"prefecture": 1, "city": "Kamisunagawa, Hokkaido"}}, {"model": "TabiNyans.city", "pk": 86, "fields": {"prefecture": 1, "city": "Yuni, Hokkaido"}}, {"model": "TabiNyans.city", "pk": 87, "fields": {"prefecture": 1, "city": "Naganuma, Hokkaido"}}, {"model": "TabiNyans.city", "pk": 88, "fields": {"prefecture": 1, "city": "Kuriyama, Hokkaido"}}, {"model": "TabiNyans.city", "pk": 89, "fields": {"prefecture": 1, "city": "Tsukigata, Hokkaido"}}, {"model": "TabiNyans.city", "pk": 90, "fields": {"prefecture": 1, "city": "Urausu, Hokkaido"}}, {"model": "TabiNyans.city", "pk": 91, "fields": {"prefecture": 1, "city": "Shintotsukawa, Hokkaido"}}, {"model": "TabiNyans.city", "pk": 92, "fields": {"prefecture": 1, "city": "Moseushi, Hokkaido"}}, {"model": "TabiNyans.city", "pk": 93, "fields": {"prefecture": 1, "city": "Chippubetsu, Hokkaido"}}, {"model": "TabiNyans.city", "pk": 94, "fields": {"prefecture": 1, "city": "Uryu, Hokkaido"}}, {"model": "TabiNyans.city", "pk": 95, "fields": {"prefecture": 1, "city": "Hokuryu, Hokkaido"}}, {"model": "TabiNyans.city", "pk": 96, "fields": {"prefecture": 1, "city": "Numata, Hokkaido"}}, {"model": "TabiNyans.city", "pk": 97, "fields": {"prefecture": 1, "city": "Takasu, Hokkaido"}}, {"model": "TabiNyans.city", "pk": 98, "fields": {"prefecture": 1, "city": "Higashikagura, Hokkaido"}}, {"model": "TabiNyans.city", "pk": 99, "fields": {"prefecture": 1, "city": "Toma, Hokkaido"}}, {"model": "TabiNyans.city", "pk": 100, "fields": {"prefecture": 1, "city": "Pippu, Hokkaido"}}, {"model": "TabiNyans.city", "pk": 101, "fields": {"prefecture": 1, "city": "Aibetsu, Hokkaido"}}, {"model": "TabiNyans.city", "pk": 102, "fields": {"prefecture": 1, "city": "Kamikawa, Hokkaido"}}, {"model": "TabiNyans.city", "pk": 103, "fields": {"prefecture": 1, "city": "Higashikawa, Hokkaido"}}, {"model": "TabiNyans.city", "pk": 104, "fields": {"prefecture": 1, "city": "Biei, Hokkaido"}}, {"model": "TabiNyans.city", "pk": 105, "fields": {"prefecture": 1, "city": "Kamifurano, Hokkaido"}}, {"model": "TabiNyans.city", "pk": 106, "fields": {"prefecture": 1, "city": "Nakafurano, Hokkaido"}}, {"model": "TabiNyans.city", "pk": 107, "fields": {"prefecture": 1, "city": "Minamifurano, Hokkaido"}}, {"model": "TabiNyans.city", "pk": 108, "fields": {"prefecture": 1, "city": "Shimukappu"}}, {"model": "TabiNyans.city", "pk": 109, "fields": {"prefecture": 1, "city": "Wassamu, Hokkaido"}}, {"model": "TabiNyans.city", "pk": 110, "fields": {"prefecture": 1, "city": "Kenbuchi, Hokkaido"}}, {"model": "TabiNyans.city", "pk": 111, "fields": {"prefecture": 1, "city": "Shimokawa, Hokkaido"}}, {"model": "TabiNyans.city", "pk": 112, "fields": {"prefecture": 1, "city": "Bifuka, Hokkaido"}}, {"model": "TabiNyans.city", "pk": 113, "fields": {"prefecture": 1, "city": "Otoineppu, Hokkaido"}}, {"model": "TabiNyans.city", "pk": 114, "fields": {"prefecture": 1, "city": "Nakagawa, Hokkaido"}}, {"model": "TabiNyans.city", "pk": 115, "fields": {"prefecture": 1, "city": "Horokanai, Hokkaido"}}, {"model": "TabiNyans.city", "pk": 116, "fields": {"prefecture": 1, "city": "Mashike, Hokkaido"}}, {"model": "TabiNyans.city", "pk": 117, "fields": {"prefecture": 1, "city": "Obira, Hokkaido"}}, {"model": "TabiNyans.city", "pk": 118, "fields": {"prefecture": 1, "city": "Tomamae, Hokkaido"}}, {"model": "TabiNyans.city", "pk": 119, "fields": {"prefecture": 1, "city": "Haboro, Hokkaido"}}, {"model": "TabiNyans.city", "pk": 120, "fields": {"prefecture": 1, "city": "Shosanbetsu, Hokkaido"}}, {"model": "TabiNyans.city", "pk": 121, "fields": {"prefecture": 1, "city": "Enbetsu, Hokkaido"}}, {"model": "TabiNyans.city", "pk": 122, "fields": {"prefecture": 1, "city": "Teshio, Hokkaido"}}, {"model": "TabiNyans.city", "pk": 123, "fields": {"prefecture": 1, "city": "Sarufutsu, Hokkaido"}}, {"model": "TabiNyans.city", "pk": 124, "fields": {"prefecture": 1, "city": "Hamatonbetsu, Hokkaido"}}, {"model": "TabiNyans.city", "pk": 125, "fields": {"prefecture": 1, "city": "Nakatonbetsu, Hokkaido"}}, {"model": "TabiNyans.city", "pk": 126, "fields": {"prefecture": 1, "city": "Esashi, Hokkaido (Soya)"}}, {"model": "TabiNyans.city", "pk": 127, "fields": {"prefecture": 1, "city": "Toyotomi, Hokkaido"}}, {"model": "TabiNyans.city", "pk": 128, "fields": {"prefecture": 1, "city": "Rebun, Hokkaido"}}, {"model": "TabiNyans.city", "pk": 129, "fields": {"prefecture": 1, "city": "Rishiri, Hokkaido"}}, {"model": "TabiNyans.city", "pk": 130, "fields": {"prefecture": 1, "city": "Rishirifuji, Hokkaido"}}, {"model": "TabiNyans.city", "pk": 131, "fields": {"prefecture": 1, "city": "Horonobe, Hokkaido"}}, {"model": "TabiNyans.city", "pk": 132, "fields": {"prefecture": 1, "city": "Bihoro, Hokkaido"}}, {"model": "TabiNyans.city", "pk": 133, "fields": {"prefecture": 1, "city": "Tsubetsu, Hokkaido"}}, {"model": "TabiNyans.city", "pk": 134, "fields": {"prefecture": 1, "city": "Shari, Hokkaido"}}, {"model": "TabiNyans.city", "pk": 135, "fields": {"prefecture": 1, "city": "Kiyosato, Hokkaido"}}, {"model": "TabiNyans.city", "pk": 136, "fields": {"prefecture": 1, "city": "Koshimizu, Hokkaido"}}, {"model": "TabiNyans.city", "pk": 137, "fields": {"prefecture": 1, "city": "Kunneppu, Hokkaido"}}, {"model": "TabiNyans.city", "pk": 138, "fields": {"prefecture": 1, "city": "Oketo, Hokkaido"}}, {"model": "TabiNyans.city", "pk": 139, "fields": {"prefecture": 1, "city": "Saroma, Hokkaido"}}, {"model": "TabiNyans.city", "pk": 140, "fields": {"prefecture": 1, "city": "Engaru, Hokkaido"}}, {"model": "TabiNyans.city", "pk": 141, "fields": {"prefecture": 1, "city": "Yubetsu, Hokkaido"}}, {"model": "TabiNyans.city", "pk": 142, "fields": {"prefecture": 1, "city": "Takinoue, Hokkaido"}}, {"model": "TabiNyans.city", "pk": 143, "fields": {"prefecture": 1, "city": "Okoppe, Hokkaido"}}, {"model": "TabiNyans.city", "pk": 144, "fields": {"prefecture": 1, "city": "Nishiokoppe, Hokkaido"}}, {"model": "TabiNyans.city", "pk": 145, "fields": {"prefecture": 1, "city": "omu, Hokkaido"}}, {"model": "TabiNyans.city", "pk": 146, "fields": {"prefecture": 1, "city": "ozora, Hokkaido"}}, {"model": "TabiNyans.city", "pk": 147, "fields": {"prefecture": 1, "city": "Toyoura, Hokkaido"}}, {"model": "TabiNyans.city", "pk": 148, "fields": {"prefecture": 1, "city": "Sobetsu, Hokkaido"}}, {"model": "TabiNyans.city", "pk": 149, "fields": {"prefecture": 1, "city": "Shiraoi, Hokkaido"}}, {"model": "TabiNyans.city", "pk": 150, "fields": {"prefecture": 1, "city": "Atsuma, Hokkaido"}}, {"model": "TabiNyans.city", "pk": 151, "fields": {"prefecture": 1, "city": "Toyako, Hokkaido"}}, {"model": "TabiNyans.city", "pk": 152, "fields": {"prefecture": 1, "city": "Abira, Hokkaido"}}, {"model": "TabiNyans.city", "pk": 153, "fields": {"prefecture": 1, "city": "Mukawa, Hokkaido"}}, {"model": "TabiNyans.city", "pk": 154, "fields": {"prefecture": 1, "city": "Hidaka, Hokkaido"}}, {"model": "TabiNyans.city", "pk": 155, "fields": {"prefecture": 1, "city": "Biratori, Hokkaido"}}, {"model": "TabiNyans.city", "pk": 156, "fields": {"prefecture": 1, "city": "Niikappu, Hokkaido"}}, {"model": "TabiNyans.city", "pk": 157, "fields": {"prefecture": 1, "city": "Urakawa, Hokkaido"}}, {"model": "TabiNyans.city", "pk": 158, "fields": {"prefecture": 1, "city": "Samani, Hokkaido"}}, {"model": "TabiNyans.city", "pk": 159, "fields": {"prefecture": 1, "city": "Erimo, Hokkaido"}}, {"model": "TabiNyans.city", "pk": 160, "fields": {"prefecture": 1, "city": "Shinhidaka, Hokkaido"}}, {"model": "TabiNyans.city", "pk": 161, "fields": {"prefecture": 1, "city": "Otofuke, Hokkaido"}}, {"model": "TabiNyans.city", "pk": 162, "fields": {"prefecture": 1, "city": "Shihoro, Hokkaido"}}, {"model": "TabiNyans.city", "pk": 163, "fields": {"prefecture": 1, "city": "Kamishihoro, Hokkaido"}}, {"model": "TabiNyans.city", "pk": 164, "fields": {"prefecture": 1, "city": "Shikaoi, Hokkaido"}}, {"model": "TabiNyans.city", "pk": 165, "fields": {"prefecture": 1, "city": "Shintoku, Hokkaido"}}, {"model": "TabiNyans.city", "pk": 166, "fields": {"prefecture": 1, "city": "Shimizu, Hokkaido"}}, {"model": "TabiNyans.city", "pk": 167, "fields": {"prefecture": 1, "city": "Memuro, Hokkaido"}}, {"model": "TabiNyans.city", "pk": 168, "fields": {"prefecture": 1, "city": "Nakasatsunai, Hokkaido"}}, {"model": "TabiNyans.city", "pk": 169, "fields": {"prefecture": 1, "city": "Sarabetsu, Hokkaido"}}, {"model": "TabiNyans.city", "pk": 170, "fields": {"prefecture": 1, "city": "Taiki, Hokkaido"}}, {"model": "TabiNyans.city", "pk": 171, "fields": {"prefecture": 1, "city": "Hiroo, Hokkaido"}}, {"model": "TabiNyans.city", "pk": 172, "fields": {"prefecture": 1, "city": "Makubetsu, Hokkaido"}}, {"model": "TabiNyans.city", "pk": 173, "fields": {"prefecture": 1, "city": "Ikeda, Hokkaido"}}, {"model": "TabiNyans.city", "pk": 174, "fields": {"prefecture": 1, "city": "Toyokoro, Hokkaido"}}, {"model": "TabiNyans.city", "pk": 175, "fields": {"prefecture": 1, "city": "Honbetsu, Hokkaido"}}, {"model": "TabiNyans.city", "pk": 176, "fields": {"prefecture": 1, "city": "Ashoro, Hokkaido"}}, {"model": "TabiNyans.city", "pk": 177, "fields": {"prefecture": 1, "city": "Rikubetsu, Hokkaido"}}, {"model": "TabiNyans.city", "pk": 178, "fields": {"prefecture": 1, "city": "Urahoro, Hokkaido"}}, {"model": "TabiNyans.city", "pk": 179, "fields": {"prefecture": 1, "city": "Kushiro (town)"}}, {"model": "TabiNyans.city", "pk": 180, "fields": {"prefecture": 1, "city": "Akkeshi, Hokkaido"}}, {"model": "TabiNyans.city", "pk": 181, "fields": {"prefecture": 1, "city": "Hamanaka, Hokkaido"}}, {"model": "TabiNyans.city", "pk": 182, "fields": {"prefecture": 1, "city": "Shibecha, Hokkaido"}}, {"model": "TabiNyans.city", "pk": 183, "fields": {"prefecture": 1, "city": "Teshikaga, Hokkaido"}}, {"model": "TabiNyans.city", "pk": 184, "fields": {"prefecture": 1, "city": "Tsurui"}}, {"model": "TabiNyans.city", "pk": 185, "fields": {"prefecture": 1, "city": "Shiranuka, Hokkaido"}}, {"model": "TabiNyans.city", "pk": 186, "fields": {"prefecture": 1, "city": "Betsukai, Hokkaido"}}, {"model": "TabiNyans.city", "pk": 187, "fields": {"prefecture": 1, "city": "Nakashibetsu, Hokkaido"}}, {"model": "TabiNyans.city", "pk": 188, "fields": {"prefecture": 1, "city": "Shibetsu, Hokkaido (Nemuro)"}}, {"model": "TabiNyans.city", "pk": 189, "fields": {"prefecture": 1, "city": "Rausu, Hokkaido"}}, {"model": "TabiNyans.city", "pk": 190, "fields": {"prefecture": 13, "city": "Chiyoda, Tokyo"}}, {"model": "TabiNyans.city", "pk": 191, "fields": {"prefecture": 13, "city": "Chuo, Tokyo"}}, {"model": "TabiNyans.city", "pk": 192, "fields": {"prefecture": 13, "city": "Minato, Tokyo"}}, {"model": "TabiNyans.city", "pk": 193, "fields": {"prefecture": 13, "city": "Shinjuku"}}, {"model": "TabiNyans.city", "pk": 194, "fields": {"prefecture": 13, "city": "Bunkyo"}}, {"model": "TabiNyans.city", "pk": 195, "fields": {"prefecture": 13, "city": "Taito"}}, {"model": "TabiNyans.city", "pk": 196, "fields": {"prefecture": 13, "city": "Sumida, Tokyo"}}, {"model": "TabiNyans.city", "pk": 197, "fields": {"prefecture": 13, "city": "Koto"}}, {"model": "TabiNyans.city", "pk": 198, "fields": {"prefecture": 13, "city": "Shinagawa"}}, {"model": "TabiNyans.city", "pk": 199, "fields": {"prefecture": 13, "city": "Meguro"}}, {"model": "TabiNyans.city", "pk": 200, "fields": {"prefecture": 13, "city": "Ota, Tokyo"}}, {"model": "TabiNyans.city", "pk": 201, "fields": {"prefecture": 13, "city": "Setagaya"}}, {"model": "TabiNyans.city", "pk": 202, "fields": {"prefecture": 13, "city": "Shibuya"}}, {"model": "TabiNyans.city", "pk": 203, "fields": {"prefecture": 13, "city": "Nakano, Tokyo"}}, {"model": "TabiNyans.city", "pk": 204, "fields": {"prefecture": 13, "city": "Suginami"}}, {"model": "TabiNyans.city", "pk": 205, "fields": {"prefecture": 13, "city": "Toshima"}}, {"model": "TabiNyans.city", "pk": 206, "fields": {"prefecture": 13, "city": "Kita, Tokyo"}}, {"model": "TabiNyans.city", "pk": 207, "fields": {"prefecture": 13, "city": "Arakawa, Tokyo"}}, {"model": "TabiNyans.city", "pk": 208, "fields": {"prefecture": 13, "city": "Itabashi"}}, {"model": "TabiNyans.city", "pk": 209, "fields": {"prefecture": 13, "city": "Nerima"}}, {"model": "TabiNyans.city", "pk": 210, "fields": {"prefecture": 13, "city": "Adachi, Tokyo"}}, {"model": "TabiNyans.city", "pk": 211, "fields": {"prefecture": 13, "city": "Katsushika"}}, {"model": "TabiNyans.city", "pk": 212, "fields": {"prefecture": 13, "city": "Edogawa, Tokyo"}}, {"model": "TabiNyans.city", "pk": 213, "fields": {"prefecture": 13, "city": "Hachioji"}}, {"model": "TabiNyans.city", "pk": 214, "fields": {"prefecture": 13, "city": "Tachikawa, Tokyo"}}, {"model": "TabiNyans.city", "pk": 215, "fields": {"prefecture": 13, "city": "Musashino, Tokyo"}}, {"model": "TabiNyans.city", "pk": 216, "fields": {"prefecture": 13, "city": "Mitaka, Tokyo"}}, {"model": "TabiNyans.city", "pk": 217, "fields": {"prefecture": 13, "city": "ome, Tokyo"}}, {"model": "TabiNyans.city", "pk": 218, "fields": {"prefecture": 13, "city": "Fuchu, Tokyo"}}, {"model": "TabiNyans.city", "pk": 219, "fields": {"prefecture": 13, "city": "Akishima, Tokyo"}}, {"model": "TabiNyans.city", "pk": 220, "fields": {"prefecture": 13, "city": "Chofu, Tokyo"}}, {"model": "TabiNyans.city", "pk": 221, "fields": {"prefecture": 13, "city": "Machida, Tokyo"}}, {"model": "TabiNyans.city", "pk": 222, "fields": {"prefecture": 13, "city": "Koganei, Tokyo"}}, {"model": "TabiNyans.city", "pk": 223, "fields": {"prefecture": 13, "city": "Kodaira, Tokyo"}}, {"model": "TabiNyans.city", "pk": 224, "fields": {"prefecture": 13, "city": "Hino, Tokyo"}}, {"model": "TabiNyans.city", "pk": 225, "fields": {"prefecture": 13, "city": "Higashimurayama, Tokyo"}}, {"model": "TabiNyans.city", "pk": 226, "fields": {"prefecture": 13, "city": "Kokubunji, Tokyo"}}, {"model": "TabiNyans.city", "pk": 227, "fields": {"prefecture": 13, "city": "Kunitachi, Tokyo"}}, {"model": "TabiNyans.city", "pk": 228, "fields": {"prefecture": 13, "city": "Fussa, Tokyo"}}, {"model": "TabiNyans.city", "pk": 229, "fields": {"prefecture": 13, "city": "Komae, Tokyo"}}, {"model": "TabiNyans.city", "pk": 230, "fields": {"prefecture": 13, "city": "Higashiyamato, Tokyo"}}, {"model": "TabiNyans.city", "pk": 231, "fields": {"prefecture": 13, "city": "Kiyose, Tokyo"}}, {"model": "TabiNyans.city", "pk": 232, "fields": {"prefecture": 13, "city": "Higashikurume, Tokyo"}}, {"model": "TabiNyans.city", "pk": 233, "fields": {"prefecture": 13, "city": "Musashimurayama, Tokyo"}}, {"model": "TabiNyans.city", "pk": 234, "fields": {"prefecture": 13, "city": "Tama, Tokyo"}}, {"model": "TabiNyans.city", "pk": 235, "fields": {"prefecture": 13, "city": "Inagi"}}, {"model": "TabiNyans.city", "pk": 236, "fields": {"prefecture": 13, "city": "Hamura, Tokyo"}}, {"model": "TabiNyans.city", "pk": 237, "fields": {"prefecture": 13, "city": "Akiruno, Tokyo"}}, {"model": "TabiNyans.city", "pk": 238, "fields": {"prefecture": 13, "city": "Nishitokyo, Tokyo"}}, {"model": "TabiNyans.city", "pk": 239, "fields": {"prefecture": 13, "city": "Mizuho, Tokyo"}}, {"model": "TabiNyans.city", "pk": 240, "fields": {"prefecture": 13, "city": "Hinode, Tokyo"}}, {"model": "TabiNyans.city", "pk": 241, "fields": {"prefecture": 13, "city": "Hinohara, Tokyo"}}, {"model": "TabiNyans.city", "pk": 242, "fields": {"prefecture": 13, "city": "Okutama, Tokyo"}}, {"model": "TabiNyans.city", "pk": 243, "fields": {"prefecture": 13, "city": "oshima, Tokyo"}}, {"model": "TabiNyans.city", "pk": 244, "fields": {"prefecture": 13, "city": "To-shima, Tokyo"}}, {"model": "TabiNyans.city", "pk": 245, "fields": {"prefecture": 13, "city": "Niijima, Tokyo"}}, {"model": "TabiNyans.city", "pk": 246, "fields": {"prefecture": 13, "city": "Kozushima, Tokyo"}}, {"model": "TabiNyans.city", "pk": 247, "fields": {"prefecture": 13, "city": "Miyake, Tokyo"}}, {"model": "TabiNyans.city", "pk": 248, "fields": {"prefecture": 13, "city": "Mikurajima, Tokyo"}}, {"model": "TabiNyans.city", "pk": 249, "fields": {"prefecture": 13, "city": "Hachijo, Tokyo"}}, {"model": "TabiNyans.city", "pk": 250, "fields": {"prefecture": 13, "city": "Aogashima, Tokyo"}}, {"model": "TabiNyans.city", "pk": 251, "fields": {"prefecture": 13, "city": "Ogasawara, Tokyo"}}, {"model": "TabiNyans.city", "pk": 252, "fields": {"prefecture": 2, "city": "Aomori (city)"}}, {"model": "TabiNyans.city", "pk": 253, "fields": {"prefecture": 2, "city": "Hirosaki"}}, {"model": "TabiNyans.city", "pk": 254, "fields": {"prefecture": 2, "city": "Hachinohe"}}, {"model": "TabiNyans.city", "pk": 255, "fields": {"prefecture": 2, "city": "Kuroishi, Aomori"}}, {"model": "TabiNyans.city", "pk": 256, "fields": {"prefecture": 2, "city": "Goshogawara, Aomori"}}, {"model": "TabiNyans.city", "pk": 257, "fields": {"prefecture": 2, "city": "Towada, Aomori"}}, {"model": "TabiNyans.city", "pk": 258, "fields": {"prefecture": 2, "city": "Misawa, Aomori"}}, {"model": "TabiNyans.city", "pk": 259, "fields": {"prefecture": 2, "city": "Mutsu, Aomori"}}, {"model": "TabiNyans.city", "pk": 260, "fields": {"prefecture": 2, "city": "Tsugaru, Aomori"}}, {"model": "TabiNyans.city", "pk": 261, "fields": {"prefecture": 2, "city": "Hirakawa, Aomori"}}, {"model": "TabiNyans.city", "pk": 262, "fields": {"prefecture": 2, "city": "Hiranai"}}, {"model": "TabiNyans.city", "pk": 263, "fields": {"prefecture": 2, "city": "Imabetsu, Aomori"}}, {"model": "TabiNyans.city", "pk": 264, "fields": {"prefecture": 2, "city": "Yomogita, Aomori"}}, {"model": "TabiNyans.city", "pk": 265, "fields": {"prefecture": 2, "city": "Sotogahama, Aomori"}}, {"model": "TabiNyans.city", "pk": 266, "fields": {"prefecture": 2, "city": "Ajigasawa, Aomori"}}, {"model": "TabiNyans.city", "pk": 267, "fields": {"prefecture": 2, "city": "Fukaura, Aomori"}}, {"model": "TabiNyans.city", "pk": 268, "fields": {"prefecture": 2, "city": "Nishimeya, Aomori"}}, {"model": "TabiNyans.city", "pk": 269, "fields": {"prefecture": 2, "city": "Fujisaki, Aomori"}}, {"model": "TabiNyans.city", "pk": 270, "fields": {"prefecture": 2, "city": "Owani, Aomori"}}, {"model": "TabiNyans.city", "pk": 271, "fields": {"prefecture": 2, "city": "Inakadate, Aomori"}}, {"model": "TabiNyans.city", "pk": 272, "fields": {"prefecture": 2, "city": "Itayanagi, Aomori"}}, {"model": "TabiNyans.city", "pk": 273, "fields": {"prefecture": 2, "city": "Tsuruta, Aomori"}}, {"model": "TabiNyans.city", "pk": 274, "fields": {"prefecture": 2, "city": "Nakadomari, Aomori"}}, {"model": "TabiNyans.city", "pk": 275, "fields": {"prefecture": 2, "city": "Noheji, Aomori"}}, {"model": "TabiNyans.city", "pk": 276, "fields": {"prefecture": 2, "city": "Shichinohe, Aomori"}}, {"model": "TabiNyans.city", "pk": 277, "fields": {"prefecture": 2, "city": "Rokunohe, Aomori"}}, {"model": "TabiNyans.city", "pk": 278, "fields": {"prefecture": 2, "city": "Yokohama, Aomori"}}, {"model": "TabiNyans.city", "pk": 279, "fields": {"prefecture": 2, "city": "Tohoku, Aomori"}}, {"model": "TabiNyans.city", "pk": 280, "fields": {"prefecture": 2, "city": "Rokkasho, Aomori"}}, {"model": "TabiNyans.city", "pk": 281, "fields": {"prefecture": 2, "city": "Oirase, Aomori"}}, {"model": "TabiNyans.city", "pk": 282, "fields": {"prefecture": 2, "city": "Oma, Aomori"}}, {"model": "TabiNyans.city", "pk": 283, "fields": {"prefecture": 2, "city": "Higashidori, Aomori"}}, {"model": "TabiNyans.city", "pk": 284, "fields": {"prefecture": 2, "city": "Kazamaura, Aomori"}}, {"model": "TabiNyans.city", "pk": 285, "fields": {"prefecture": 2, "city": "Sai, Aomori"}}, {"model": "TabiNyans.city", "pk": 286, "fields": {"prefecture": 2, "city": "Sannohe, Aomori"}}, {"model": "TabiNyans.city", "pk": 287, "fields": {"prefecture": 2, "city": "Gonohe, Aomori"}}, {"model": "TabiNyans.city", "pk": 288, "fields": {"prefecture": 2, "city": "Takko, Aomori"}}, {"model": "TabiNyans.city", "pk": 289, "fields": {"prefecture": 2, "city": "Nanbu, Aomori"}}, {"model": "TabiNyans.city", "pk": 290, "fields": {"prefecture": 2, "city": "Hashikami, Aomori"}}, {"model": "TabiNyans.city", "pk": 291, "fields": {"prefecture": 2, "city": "Shingo, Aomori"}}, {"model": "TabiNyans.city", "pk": 292, "fields": {"prefecture": 3, "city": "Morioka"}}, {"model": "TabiNyans.city", "pk": 293, "fields": {"prefecture": 3, "city": "Miyako, Iwate"}}, {"model": "TabiNyans.city", "pk": 294, "fields": {"prefecture": 3, "city": "Ofunato, Iwate"}}, {"model": "TabiNyans.city", "pk": 295, "fields": {"prefecture": 3, "city": "Hanamaki, Iwate"}}, {"model": "TabiNyans.city", "pk": 296, "fields": {"prefecture": 3, "city": "Kitakami, Iwate"}}, {"model": "TabiNyans.city", "pk": 297, "fields": {"prefecture": 3, "city": "Kuji, Iwate"}}, {"model": "TabiNyans.city", "pk": 298, "fields": {"prefecture": 3, "city": "Tono, Iwate"}}, {"model": "TabiNyans.city", "pk": 299, "fields": {"prefecture": 3, "city": "Ichinoseki, Iwate"}}, {"model": "TabiNyans.city", "pk": 300, "fields": {"prefecture": 3, "city": "Rikuzentakata, Iwate"}}, {"model": "TabiNyans.city", "pk": 301, "fields": {"prefecture": 3, "city": "Kamaishi, Iwate"}}, {"model": "TabiNyans.city", "pk": 302, "fields": {"prefecture": 3, "city": "Ninohe, Iwate"}}, {"model": "TabiNyans.city", "pk": 303, "fields": {"prefecture": 3, "city": "Hachimantai, Iwate"}}, {"model": "TabiNyans.city", "pk": 304, "fields": {"prefecture": 3, "city": "Oshu, Iwate"}}, {"model": "TabiNyans.city", "pk": 305, "fields": {"prefecture": 3, "city": "Takizawa, Iwate"}}, {"model": "TabiNyans.city", "pk": 306, "fields": {"prefecture": 3, "city": "Shizukuishi, Iwate"}}, {"model": "TabiNyans.city", "pk": 307, "fields": {"prefecture": 3, "city": "Kuzumaki, Iwate"}}, {"model": "TabiNyans.city", "pk": 308, "fields": {"prefecture": 3, "city": "Iwate, Iwate"}}, {"model": "TabiNyans.city", "pk": 309, "fields": {"prefecture": 3, "city": "Shiwa, Iwate"}}, {"model": "TabiNyans.city", "pk": 310, "fields": {"prefecture": 3, "city": "Yahaba, Iwate"}}, {"model": "TabiNyans.city", "pk": 311, "fields": {"prefecture": 3, "city": "Nishiwaga, Iwate"}}, {"model": "TabiNyans.city", "pk": 312, "fields": {"prefecture": 3, "city": "Kanegasaki, Iwate"}}, {"model": "TabiNyans.city", "pk": 313, "fields": {"prefecture": 3, "city": "Hiraizumi, Iwate"}}, {"model": "TabiNyans.city", "pk": 314, "fields": {"prefecture": 3, "city": "Sumita, Iwate"}}, {"model": "TabiNyans.city", "pk": 315, "fields": {"prefecture": 3, "city": "otsuchi, Iwate"}}, {"model": "TabiNyans.city", "pk": 316, "fields": {"prefecture": 3, "city": "Yamada, Iwate"}}, {"model": "TabiNyans.city", "pk": 317, "fields": {"prefecture": 3, "city": "Iwaizumi, Iwate"}}, {"model": "TabiNyans.city", "pk": 318, "fields": {"prefecture": 3, "city": "Tanohata, Iwate"}}, {"model": "TabiNyans.city", "pk": 319, "fields": {"prefecture": 3, "city": "Fudai, Iwate"}}, {"model": "TabiNyans.city", "pk": 320, "fields": {"prefecture": 3, "city": "Karumai, Iwate"}}, {"model": "TabiNyans.city", "pk": 321, "fields": {"prefecture": 3, "city": "Noda, Iwate"}}, {"model": "TabiNyans.city", "pk": 322, "fields": {"prefecture": 3, "city": "Kunohe, Iwate"}}, {"model": "TabiNyans.city", "pk": 323, "fields": {"prefecture": 3, "city": "Hirono, Iwate"}}, {"model": "TabiNyans.city", "pk": 324, "fields": {"prefecture": 3, "city": "Ichinohe, Iwate"}}, {"model": "TabiNyans.city", "pk": 325, "fields": {"prefecture": 4, "city": "Sendai"}}, {"model": "TabiNyans.city", "pk": 326, "fields": {"prefecture": 4, "city": "Aoba-ku, Sendai"}}, {"model": "TabiNyans.city", "pk": 327, "fields": {"prefecture": 4, "city": "Miyagino-ku, Sendai"}}, {"model": "TabiNyans.city", "pk": 328, "fields": {"prefecture": 4, "city": "Wakabayashi-ku, Sendai"}}, {"model": "TabiNyans.city", "pk": 329, "fields": {"prefecture": 4, "city": "Taihaku-ku, Sendai"}}, {"model": "TabiNyans.city", "pk": 330, "fields": {"prefecture": 4, "city": "Izumi-ku, Sendai"}}, {"model": "TabiNyans.city", "pk": 331, "fields": {"prefecture": 4, "city": "Ishinomaki"}}, {"model": "TabiNyans.city", "pk": 332, "fields": {"prefecture": 4, "city": "Shiogama"}}, {"model": "TabiNyans.city", "pk": 333, "fields": {"prefecture": 4, "city": "Kesennuma"}}, {"model": "TabiNyans.city", "pk": 334, "fields": {"prefecture": 4, "city": "Shiroishi, Miyagi"}}, {"model": "TabiNyans.city", "pk": 335, "fields": {"prefecture": 4, "city": "Natori, Miyagi"}}, {"model": "TabiNyans.city", "pk": 336, "fields": {"prefecture": 4, "city": "Kakuda, Miyagi"}}, {"model": "TabiNyans.city", "pk": 337, "fields": {"prefecture": 4, "city": "Tagajo"}}, {"model": "TabiNyans.city", "pk": 338, "fields": {"prefecture": 4, "city": "Iwanuma"}}, {"model": "TabiNyans.city", "pk": 339, "fields": {"prefecture": 4, "city": "Tome, Miyagi"}}, {"model": "TabiNyans.city", "pk": 340, "fields": {"prefecture": 4, "city": "Kurihara, Miyagi"}}, {"model": "TabiNyans.city", "pk": 341, "fields": {"prefecture": 4, "city": "Higashimatsushima"}}, {"model": "TabiNyans.city", "pk": 342, "fields": {"prefecture": 4, "city": "osaki, Miyagi"}}, {"model": "TabiNyans.city", "pk": 343, "fields": {"prefecture": 4, "city": "Tomiya, Miyagi"}}, {"model": "TabiNyans.city", "pk": 344, "fields": {"prefecture": 4, "city": "Zao, Miyagi"}}, {"model": "TabiNyans.city", "pk": 345, "fields": {"prefecture": 4, "city": "Shichikashuku, Miyagi"}}, {"model": "TabiNyans.city", "pk": 346, "fields": {"prefecture": 4, "city": "ogawara, Miyagi"}}, {"model": "TabiNyans.city", "pk": 347, "fields": {"prefecture": 4, "city": "Murata, Miyagi"}}, {"model": "TabiNyans.city", "pk": 348, "fields": {"prefecture": 4, "city": "Shibata, Miyagi"}}, {"model": "TabiNyans.city", "pk": 349, "fields": {"prefecture": 4, "city": "Kawasaki, Miyagi"}}, {"model": "TabiNyans.city", "pk": 350, "fields": {"prefecture": 4, "city": "Marumori, Miyagi"}}, {"model": "TabiNyans.city", "pk": 351, "fields": {"prefecture": 4, "city": "Watari, Miyagi"}}, {"model": "TabiNyans.city", "pk": 352, "fields": {"prefecture": 4, "city": "Yamamoto, Miyagi"}}, {"model": "TabiNyans.city", "pk": 353, "fields": {"prefecture": 4, "city": "Matsushima, Miyagi"}}, {"model": "TabiNyans.city", "pk": 354, "fields": {"prefecture": 4, "city": "Shichigahama"}}, {"model": "TabiNyans.city", "pk": 355, "fields": {"prefecture": 4, "city": "Rifu"}}, {"model": "TabiNyans.city", "pk": 356, "fields": {"prefecture": 4, "city": "Taiwa, Miyagi"}}, {"model": "TabiNyans.city", "pk": 357, "fields": {"prefecture": 4, "city": "Osato, Miyagi"}}, {"model": "TabiNyans.city", "pk": 358, "fields": {"prefecture": 4, "city": "Ohira, Miyagi"}}, {"model": "TabiNyans.city", "pk": 359, "fields": {"prefecture": 4, "city": "Shikama, Miyagi"}}, {"model": "TabiNyans.city", "pk": 360, "fields": {"prefecture": 4, "city": "Kami, Miyagi"}}, {"model": "TabiNyans.city", "pk": 361, "fields": {"prefecture": 4, "city": "Wakuya"}}, {"model": "TabiNyans.city", "pk": 362, "fields": {"prefecture": 4, "city": "Misato, Miyagi"}}, {"model": "TabiNyans.city", "pk": 363, "fields": {"prefecture": 4, "city": "Onagawa, Miyagi"}}, {"model": "TabiNyans.city", "pk": 364, "fields": {"prefecture": 4, "city": "Minamisanriku"}}, {"model": "TabiNyans.city", "pk": 365, "fields": {"prefecture": 4, "city": "Kitakyushu"}}, {"model": "TabiNyans.city", "pk": 366, "fields": {"prefecture": 5, "city": "Akita (city)"}}, {"model": "TabiNyans.city", "pk": 367, "fields": {"prefecture": 5, "city": "Noshiro, Akita"}}, {"model": "TabiNyans.city", "pk": 368, "fields": {"prefecture": 5, "city": "Yokote, Akita"}}, {"model": "TabiNyans.city", "pk": 369, "fields": {"prefecture": 5, "city": "Odate"}}, {"model": "TabiNyans.city", "pk": 370, "fields": {"prefecture": 5, "city": "Oga, Akita"}}, {"model": "TabiNyans.city", "pk": 371, "fields": {"prefecture": 5, "city": "Yuzawa, Akita"}}, {"model": "TabiNyans.city", "pk": 372, "fields": {"prefecture": 5, "city": "Kazuno, Akita"}}, {"model": "TabiNyans.city", "pk": 373, "fields": {"prefecture": 5, "city": "Yurihonjo"}}, {"model": "TabiNyans.city", "pk": 374, "fields": {"prefecture": 5, "city": "Katagami, Akita"}}, {"model": "TabiNyans.city", "pk": 375, "fields": {"prefecture": 5, "city": "Daisen, Akita"}}, {"model": "TabiNyans.city", "pk": 376, "fields": {"prefecture": 5, "city": "Kitaakita"}}, {"model": "TabiNyans.city", "pk": 377, "fields": {"prefecture": 5, "city": "Nikaho, Akita"}}, {"model": "TabiNyans.city", "pk": 378, "fields": {"prefecture": 5, "city": "Semboku, Akita"}}, {"model": "TabiNyans.city", "pk": 379, "fields": {"prefecture": 5, "city": "Kosaka, Akita"}}, {"model": "TabiNyans.city", "pk": 380, "fields": {"prefecture": 5, "city": "Kamikoani, Akita"}}, {"model": "TabiNyans.city", "pk": 381, "fields": {"prefecture": 5, "city": "Fujisato, Akita"}}, {"model": "TabiNyans.city", "pk": 382, "fields": {"prefecture": 5, "city": "Mitane, Akita"}}, {"model": "TabiNyans.city", "pk": 383, "fields": {"prefecture": 5, "city": "Happo, Akita"}}, {"model": "TabiNyans.city", "pk": 384, "fields": {"prefecture": 5, "city": "Gojome, Akita"}}, {"model": "TabiNyans.city", "pk": 385, "fields": {"prefecture": 5, "city": "Hachirogata, Akita"}}, {"model": "TabiNyans.city", "pk": 386, "fields": {"prefecture": 5, "city": "Ikawa, Akita"}}, {"model": "TabiNyans.city", "pk": 387, "fields": {"prefecture": 5, "city": "ogata, Akita"}}, {"model": "TabiNyans.city", "pk": 388, "fields": {"prefecture": 5, "city": "Misato, Akita"}}, {"model": "TabiNyans.city", "pk": 389, "fields": {"prefecture": 5, "city": "Ugo, Akita"}}, {"model": "TabiNyans.city", "pk": 390, "fields": {"prefecture": 5, "city": "Higashinaruse, Akita"}}, {"model": "TabiNyans.city", "pk": 391, "fields": {"prefecture": 6, "city": "Yamagata, Yamagata"}}, {"model": "TabiNyans.city", "pk": 392, "fields": {"prefecture": 6, "city": "Yonezawa, Yamagata"}}, {"model": "TabiNyans.city", "pk": 393, "fields": {"prefecture": 6, "city": "Tsuruoka, Yamagata"}}, {"model": "TabiNyans.city", "pk": 394, "fields": {"prefecture": 6, "city": "Sakata, Yamagata"}}, {"model": "TabiNyans.city", "pk": 395, "fields": {"prefecture": 6, "city": "Shinjo, Yamagata"}}, {"model": "TabiNyans.city", "pk": 396, "fields": {"prefecture": 6, "city": "Sagae, Yamagata"}}, {"model": "TabiNyans.city", "pk": 397, "fields": {"prefecture": 6, "city": "Kaminoyama, Yamagata"}}, {"model": "TabiNyans.city", "pk": 398, "fields": {"prefecture": 6, "city": "Murayama, Yamagata"}}, {"model": "TabiNyans.city", "pk": 399, "fields": {"prefecture": 6, "city": "Nagai, Yamagata"}}, {"model": "TabiNyans.city", "pk": 400, "fields": {"prefecture": 6, "city": "Tendo, Yamagata"}}, {"model": "TabiNyans.city", "pk": 401, "fields": {"prefecture": 6, "city": "Higashine, Yamagata"}}, {"model": "TabiNyans.city", "pk": 402, "fields": {"prefecture": 6, "city": "Obanazawa, Yamagata"}}, {"model": "TabiNyans.city", "pk": 403, "fields": {"prefecture": 6, "city": "Nan'yo, Yamagata"}}, {"model": "TabiNyans.city", "pk": 404, "fields": {"prefecture": 6, "city": "Yamanobe, Yamagata"}}, {"model": "TabiNyans.city", "pk": 405, "fields": {"prefecture": 6, "city": "Nakayama, Yamagata"}}, {"model": "TabiNyans.city", "pk": 406, "fields": {"prefecture": 6, "city": "Kahoku, Yamagata"}}, {"model": "TabiNyans.city", "pk": 407, "fields": {"prefecture": 6, "city": "Nishikawa, Yamagata"}}, {"model": "TabiNyans.city", "pk": 408, "fields": {"prefecture": 6, "city": "Asahi, Yamagata (Nishimurayama)"}}, {"model": "TabiNyans.city", "pk": 409, "fields": {"prefecture": 6, "city": "Oe, Yamagata"}}, {"model": "TabiNyans.city", "pk": 410, "fields": {"prefecture": 6, "city": "Oishida"}}, {"model": "TabiNyans.city", "pk": 411, "fields": {"prefecture": 6, "city": "Kaneyama, Yamagata"}}, {"model": "TabiNyans.city", "pk": 412, "fields": {"prefecture": 6, "city": "Mogami, Yamagata"}}, {"model": "TabiNyans.city", "pk": 413, "fields": {"prefecture": 6, "city": "Funagata, Yamagata"}}, {"model": "TabiNyans.city", "pk": 414, "fields": {"prefecture": 6, "city": "Mamurogawa"}}, {"model": "TabiNyans.city", "pk": 415, "fields": {"prefecture": 6, "city": "okura, Yamagata"}}, {"model": "TabiNyans.city", "pk": 416, "fields": {"prefecture": 6, "city": "Sakegawa, Yamagata"}}, {"model": "TabiNyans.city", "pk": 417, "fields": {"prefecture": 6, "city": "Tozawa, Yamagata"}}, {"model": "TabiNyans.city", "pk": 418, "fields": {"prefecture": 6, "city": "Takahata, Yamagata"}}, {"model": "TabiNyans.city", "pk": 419, "fields": {"prefecture": 6, "city": "Kawanishi, Yamagata"}}, {"model": "TabiNyans.city", "pk": 420, "fields": {"prefecture": 6, "city": "Oguni, Yamagata"}}, {"model": "TabiNyans.city", "pk": 421, "fields": {"prefecture": 6, "city": "Shirataka"}}, {"model": "TabiNyans.city", "pk": 422, "fields": {"prefecture": 6, "city": "Iide, Yamagata"}}, {"model": "TabiNyans.city", "pk": 423, "fields": {"prefecture": 6, "city": "Mikawa, Yamagata"}}, {"model": "TabiNyans.city", "pk": 424, "fields": {"prefecture": 6, "city": "Shonai, Yamagata"}}, {"model": "TabiNyans.city", "pk": 425, "fields": {"prefecture": 6, "city": "Yuza"}}, {"model": "TabiNyans.city", "pk": 426, "fields": {"prefecture": 7, "city": "Fukushima (city)"}}, {"model": "TabiNyans.city", "pk": 427, "fields": {"prefecture": 7, "city": "Aizuwakamatsu"}}, {"model": "TabiNyans.city", "pk": 428, "fields": {"prefecture": 7, "city": "Koriyama"}}, {"model": "TabiNyans.city", "pk": 429, "fields": {"prefecture": 7, "city": "Iwaki, Fukushima"}}, {"model": "TabiNyans.city", "pk": 430, "fields": {"prefecture": 7, "city": "Shirakawa, Fukushima"}}, {"model": "TabiNyans.city", "pk": 431, "fields": {"prefecture": 7, "city": "Sukagawa, Fukushima"}}, {"model": "TabiNyans.city", "pk": 432, "fields": {"prefecture": 7, "city": "Kitakata, Fukushima"}}, {"model": "TabiNyans.city", "pk": 433, "fields": {"prefecture": 7, "city": "Soma, Fukushima"}}, {"model": "TabiNyans.city", "pk": 434, "fields": {"prefecture": 7, "city": "Nihonmatsu, Fukushima"}}, {"model": "TabiNyans.city", "pk": 435, "fields": {"prefecture": 7, "city": "Tamura, Fukushima"}}, {"model": "TabiNyans.city", "pk": 436, "fields": {"prefecture": 7, "city": "Minamisoma"}}, {"model": "TabiNyans.city", "pk": 437, "fields": {"prefecture": 7, "city": "Date City, Fukushima"}}, {"model": "TabiNyans.city", "pk": 438, "fields": {"prefecture": 7, "city": "Motomiya, Fukushima"}}, {"model": "TabiNyans.city", "pk": 439, "fields": {"prefecture": 7, "city": "Koori, Fukushima"}}, {"model": "TabiNyans.city", "pk": 440, "fields": {"prefecture": 7, "city": "Kunimi, Fukushima"}}, {"model": "TabiNyans.city", "pk": 441, "fields": {"prefecture": 7, "city": "Kawamata, Fukushima"}}, {"model": "TabiNyans.city", "pk": 442, "fields": {"prefecture": 7, "city": "otama, Fukushima"}}, {"model": "TabiNyans.city", "pk": 443, "fields": {"prefecture": 7, "city": "Kagamiishi, Fukushima"}}, {"model": "TabiNyans.city", "pk": 444, "fields": {"prefecture": 7, "city": "Ten-ei, Fukushima"}}, {"model": "TabiNyans.city", "pk": 445, "fields": {"prefecture": 7, "city": "Shimogo, Fukushima"}}, {"model": "TabiNyans.city", "pk": 446, "fields": {"prefecture": 7, "city": "Hinoemata, Fukushima"}}, {"model": "TabiNyans.city", "pk": 447, "fields": {"prefecture": 7, "city": "Tadami, Fukushima"}}, {"model": "TabiNyans.city", "pk": 448, "fields": {"prefecture": 7, "city": "Minamiaizu"}}, {"model": "TabiNyans.city", "pk": 449, "fields": {"prefecture": 7, "city": "Kitashiobara, Fukushima"}}, {"model": "TabiNyans.city", "pk": 450, "fields": {"prefecture": 7, "city": "Nishiaizu, Fukushima"}}, {"model": "TabiNyans.city", "pk": 451, "fields": {"prefecture": 7, "city": "Bandai, Fukushima"}}, {"model": "TabiNyans.city", "pk": 452, "fields": {"prefecture": 7, "city": "Inawashiro"}}, {"model": "TabiNyans.city", "pk": 453, "fields": {"prefecture": 7, "city": "Aizubange"}}, {"model": "TabiNyans.city", "pk": 454, "fields": {"prefecture": 7, "city": "Yugawa, Fukushima"}}, {"model": "TabiNyans.city", "pk": 455, "fields": {"prefecture": 7, "city": "Yanaizu, Fukushima"}}, {"model": "TabiNyans.city", "pk": 456, "fields": {"prefecture": 7, "city": "Mishima, Fukushima"}}, {"model": "TabiNyans.city", "pk": 457, "fields": {"prefecture": 7, "city": "Kaneyama, Fukushima"}}, {"model": "TabiNyans.city", "pk": 458, "fields": {"prefecture": 7, "city": "Showa, Fukushima"}}, {"model": "TabiNyans.city", "pk": 459, "fields": {"prefecture": 7, "city": "Aizumisato"}}, {"model": "TabiNyans.city", "pk": 460, "fields": {"prefecture": 7, "city": "Nishigo, Fukushima"}}, {"model": "TabiNyans.city", "pk": 461, "fields": {"prefecture": 7, "city": "Izumizaki, Fukushima"}}, {"model": "TabiNyans.city", "pk": 462, "fields": {"prefecture": 7, "city": "Nakajima, Fukushima"}}, {"model": "TabiNyans.city", "pk": 463, "fields": {"prefecture": 7, "city": "Yabuki, Fukushima"}}, {"model": "TabiNyans.city", "pk": 464, "fields": {"prefecture": 7, "city": "Tanagura, Fukushima"}}, {"model": "TabiNyans.city", "pk": 465, "fields": {"prefecture": 7, "city": "Yamatsuri, Fukushima"}}, {"model": "TabiNyans.city", "pk": 466, "fields": {"prefecture": 7, "city": "Hanawa, Fukushima"}}, {"model": "TabiNyans.city", "pk": 467, "fields": {"prefecture": 7, "city": "Samegawa, Fukushima"}}, {"model": "TabiNyans.city", "pk": 468, "fields": {"prefecture": 7, "city": "Ishikawa, Fukushima"}}, {"model": "TabiNyans.city", "pk": 469, "fields": {"prefecture": 7, "city": "Tamakawa, Fukushima"}}, {"model": "TabiNyans.city", "pk": 470, "fields": {"prefecture": 7, "city": "Hirata, Fukushima"}}, {"model": "TabiNyans.city", "pk": 471, "fields": {"prefecture": 7, "city": "Asakawa, Fukushima"}}, {"model": "TabiNyans.city", "pk": 472, "fields": {"prefecture": 7, "city": "Furudono, Fukushima"}}, {"model": "TabiNyans.city", "pk": 473, "fields": {"prefecture": 7, "city": "Miharu, Fukushima"}}, {"model": "TabiNyans.city", "pk": 474, "fields": {"prefecture": 7, "city": "Ono, Fukushima"}}, {"model": "TabiNyans.city", "pk": 475, "fields": {"prefecture": 7, "city": "Hirono, Fukushima"}}, {"model": "TabiNyans.city", "pk": 476, "fields": {"prefecture": 7, "city": "Naraha, Fukushima"}}, {"model": "TabiNyans.city", "pk": 477, "fields": {"prefecture": 7, "city": "Tomioka, Fukushima"}}, {"model": "TabiNyans.city", "pk": 478, "fields": {"prefecture": 7, "city": "Kawauchi, Fukushima"}}, {"model": "TabiNyans.city", "pk": 479, "fields": {"prefecture": 7, "city": "okuma, Fukushima"}}, {"model": "TabiNyans.city", "pk": 480, "fields": {"prefecture": 7, "city": "Futaba, Fukushima"}}, {"model": "TabiNyans.city", "pk": 481, "fields": {"prefecture": 7, "city": "Namie, Fukushima"}}, {"model": "TabiNyans.city", "pk": 482, "fields": {"prefecture": 7, "city": "Katsurao, Fukushima"}}, {"model": "TabiNyans.city", "pk": 483, "fields": {"prefecture": 7, "city": "Shinchi, Fukushima"}}, {"model": "TabiNyans.city", "pk": 484, "fields": {"prefecture": 7, "city": "Iitate, Fukushima"}}, {"model": "TabiNyans.city", "pk": 485, "fields": {"prefecture": 8, "city": "Mito, Ibaraki"}}, {"model": "TabiNyans.city", "pk": 486, "fields": {"prefecture": 8, "city": "Hitachi, Ibaraki"}}, {"model": "TabiNyans.city", "pk": 487, "fields": {"prefecture": 8, "city": "Tsuchiura"}}, {"model": "TabiNyans.city", "pk": 488, "fields": {"prefecture": 8, "city": "Koga, Ibaraki"}}, {"model": "TabiNyans.city", "pk": 489, "fields": {"prefecture": 8, "city": "Ishioka, Ibaraki"}}, {"model": "TabiNyans.city", "pk": 490, "fields": {"prefecture": 8, "city": "Yuki, Ibaraki"}}, {"model": "TabiNyans.city", "pk": 491, "fields": {"prefecture": 8, "city": "Ryugasaki, Ibaraki"}}, {"model": "TabiNyans.city", "pk": 492, "fields": {"prefecture": 8, "city": "Shimotsuma, Ibaraki"}}, {"model": "TabiNyans.city", "pk": 493, "fields": {"prefecture": 8, "city": "Joso"}}, {"model": "TabiNyans.city", "pk": 494, "fields": {"prefecture": 8, "city": "Hitachiota, Ibaraki"}}, {"model": "TabiNyans.city", "pk": 495, "fields": {"prefecture": 8, "city": "Takahagi, Ibaraki"}}, {"model": "TabiNyans.city", "pk": 496, "fields": {"prefecture": 8, "city": "Kitaibaraki, Ibaraki"}}, {"model": "TabiNyans.city", "pk": 497, "fields": {"prefecture": 8, "city": "Kasama, Ibaraki"}}, {"model": "TabiNyans.city", "pk": 498, "fields": {"prefecture": 8, "city": "Toride, Ibaraki"}}, {"model": "TabiNyans.city", "pk": 499, "fields": {"prefecture": 8, "city": "Ushiku, Ibaraki"}}, {"model": "TabiNyans.city", "pk": 500, "fields": {"prefecture": 8, "city": "Tsukuba, Ibaraki"}}, {"model": "TabiNyans.city", "pk": 501, "fields": {"prefecture": 8, "city": "Hitachinaka, Ibaraki"}}, {"model": "TabiNyans.city", "pk": 502, "fields": {"prefecture": 8, "city": "Kashima, Ibaraki"}}, {"model": "TabiNyans.city", "pk": 503, "fields": {"prefecture": 8, "city": "Itako, Ibaraki"}}, {"model": "TabiNyans.city", "pk": 504, "fields": {"prefecture": 8, "city": "Moriya, Ibaraki"}}, {"model": "TabiNyans.city", "pk": 505, "fields": {"prefecture": 8, "city": "Hitachiomiya"}}, {"model": "TabiNyans.city", "pk": 506, "fields": {"prefecture": 8, "city": "Naka, Ibaraki"}}, {"model": "TabiNyans.city", "pk": 507, "fields": {"prefecture": 8, "city": "Chikusei"}}, {"model": "TabiNyans.city", "pk": 508, "fields": {"prefecture": 8, "city": "Bando, Ibaraki"}}, {"model": "TabiNyans.city", "pk": 509, "fields": {"prefecture": 8, "city": "Inashiki, Ibaraki"}}, {"model": "TabiNyans.city", "pk": 510, "fields": {"prefecture": 8, "city": "Kasumigaura, Ibaraki"}}, {"model": "TabiNyans.city", "pk": 511, "fields": {"prefecture": 8, "city": "Sakuragawa, Ibaraki"}}, {"model": "TabiNyans.city", "pk": 512, "fields": {"prefecture": 8, "city": "Kamisu, Ibaraki"}}, {"model": "TabiNyans.city", "pk": 513, "fields": {"prefecture": 8, "city": "Namegata, Ibaraki"}}, {"model": "TabiNyans.city", "pk": 514, "fields": {"prefecture": 8, "city": "Hokota, Ibaraki"}}, {"model": "TabiNyans.city", "pk": 515, "fields": {"prefecture": 8, "city": "Tsukubamirai, Ibaraki"}}, {"model": "TabiNyans.city", "pk": 516, "fields": {"prefecture": 8, "city": "Omitama"}}, {"model": "TabiNyans.city", "pk": 517, "fields": {"prefecture": 8, "city": "Ibaraki, Ibaraki"}}, {"model": "TabiNyans.city", "pk": 518, "fields": {"prefecture": 8, "city": "Oarai, Ibaraki"}}, {"model": "TabiNyans.city", "pk": 519, "fields": {"prefecture": 8, "city": "Shirosato, Ibaraki"}}, {"model": "TabiNyans.city", "pk": 520, "fields": {"prefecture": 8, "city": "Tokai, Ibaraki"}}, {"model": "TabiNyans.city", "pk": 521, "fields": {"prefecture": 8, "city": "Daigo, Ibaraki"}}, {"model": "TabiNyans.city", "pk": 522, "fields": {"prefecture": 8, "city": "Miho, Ibaraki"}}, {"model": "TabiNyans.city", "pk": 523, "fields": {"prefecture": 8, "city": "Ami, Ibaraki"}}, {"model": "TabiNyans.city", "pk": 524, "fields": {"prefecture": 8, "city": "Kawachi, Ibaraki"}}, {"model": "TabiNyans.city", "pk": 525, "fields": {"prefecture": 8, "city": "Yachiyo, Ibaraki"}}, {"model": "TabiNyans.city", "pk": 526, "fields": {"prefecture": 8, "city": "Goka, Ibaraki"}}, {"model": "TabiNyans.city", "pk": 527, "fields": {"prefecture": 8, "city": "Sakai, Ibaraki"}}, {"model": "TabiNyans.city", "pk": 528, "fields": {"prefecture": 8, "city": "Tone, Ibaraki"}}, {"model": "TabiNyans.city", "pk": 529, "fields": {"prefecture": 9, "city": "Utsunomiya"}}, {"model": "TabiNyans.city", "pk": 530, "fields": {"prefecture": 9, "city": "Ashikaga, Tochigi"}}, {"model": "TabiNyans.city", "pk": 531, "fields": {"prefecture": 9, "city": "Tochigi, Tochigi"}}, {"model": "TabiNyans.city", "pk": 532, "fields": {"prefecture": 9, "city": "Sano, Tochigi"}}, {"model": "TabiNyans.city", "pk": 533, "fields": {"prefecture": 9, "city": "Kanuma, Tochigi"}}, {"model": "TabiNyans.city", "pk": 534, "fields": {"prefecture": 9, "city": "Nikko, Tochigi"}}, {"model": "TabiNyans.city", "pk": 535, "fields": {"prefecture": 9, "city": "Oyama, Tochigi"}}, {"model": "TabiNyans.city", "pk": 536, "fields": {"prefecture": 9, "city": "Mooka, Tochigi"}}, {"model": "TabiNyans.city", "pk": 537, "fields": {"prefecture": 9, "city": "otawara"}}, {"model": "TabiNyans.city", "pk": 538, "fields": {"prefecture": 9, "city": "Yaita, Tochigi"}}, {"model": "TabiNyans.city", "pk": 539, "fields": {"prefecture": 9, "city": "Nasushiobara"}}, {"model": "TabiNyans.city", "pk": 540, "fields": {"prefecture": 9, "city": "Sakura, Tochigi"}}, {"model": "TabiNyans.city", "pk": 541, "fields": {"prefecture": 9, "city": "Nasukarasuyama"}}, {"model": "TabiNyans.city", "pk": 542, "fields": {"prefecture": 9, "city": "Shimotsuke, Tochigi"}}, {"model": "TabiNyans.city", "pk": 543, "fields": {"prefecture": 9, "city": "Kaminokawa, Tochigi"}}, {"model": "TabiNyans.city", "pk": 544, "fields": {"prefecture": 9, "city": "Mashiko, Tochigi"}}, {"model": "TabiNyans.city", "pk": 545, "fields": {"prefecture": 9, "city": "Motegi, Tochigi"}}, {"model": "TabiNyans.city", "pk": 546, "fields": {"prefecture": 9, "city": "Ichikai, Tochigi"}}, {"model": "TabiNyans.city", "pk": 547, "fields": {"prefecture": 9, "city": "Haga, Tochigi"}}, {"model": "TabiNyans.city", "pk": 548, "fields": {"prefecture": 9, "city": "Mibu, Tochigi"}}, {"model": "TabiNyans.city", "pk": 549, "fields": {"prefecture": 9, "city": "Nogi, Tochigi"}}, {"model": "TabiNyans.city", "pk": 550, "fields": {"prefecture": 9, "city": "Shioya, Tochigi"}}, {"model": "TabiNyans.city", "pk": 551, "fields": {"prefecture": 9, "city": "Takanezawa, Tochigi"}}, {"model": "TabiNyans.city", "pk": 552, "fields": {"prefecture": 9, "city": "Nasu, Tochigi"}}, {"model": "TabiNyans.city", "pk": 553, "fields": {"prefecture": 9, "city": "Nakagawa, Tochigi"}}, {"model": "TabiNyans.city", "pk": 554, "fields": {"prefecture": 10, "city": "Maebashi"}}, {"model": "TabiNyans.city", "pk": 555, "fields": {"prefecture": 10, "city": "Takasaki"}}, {"model": "TabiNyans.city", "pk": 556, "fields": {"prefecture": 10, "city": "Kiryu, Gunma"}}, {"model": "TabiNyans.city", "pk": 557, "fields": {"prefecture": 10, "city": "Isesaki, Gunma"}}, {"model": "TabiNyans.city", "pk": 558, "fields": {"prefecture": 10, "city": "ota, Gunma"}}, {"model": "TabiNyans.city", "pk": 559, "fields": {"prefecture": 10, "city": "Numata, Gunma"}}, {"model": "TabiNyans.city", "pk": 560, "fields": {"prefecture": 10, "city": "Tatebayashi, Gunma"}}, {"model": "TabiNyans.city", "pk": 561, "fields": {"prefecture": 10, "city": "Shibukawa, Gunma"}}, {"model": "TabiNyans.city", "pk": 562, "fields": {"prefecture": 10, "city": "Fujioka, Gunma"}}, {"model": "TabiNyans.city", "pk": 563, "fields": {"prefecture": 10, "city": "Tomioka, Gunma"}}, {"model": "TabiNyans.city", "pk": 564, "fields": {"prefecture": 10, "city": "Annaka, Gunma"}}, {"model": "TabiNyans.city", "pk": 565, "fields": {"prefecture": 10, "city": "Midori, Gunma"}}, {"model": "TabiNyans.city", "pk": 566, "fields": {"prefecture": 10, "city": "Shinto, Gunma"}}, {"model": "TabiNyans.city", "pk": 567, "fields": {"prefecture": 10, "city": "Yoshioka, Gunma"}}, {"model": "TabiNyans.city", "pk": 568, "fields": {"prefecture": 10, "city": "Ueno, Gunma"}}, {"model": "TabiNyans.city", "pk": 569, "fields": {"prefecture": 10, "city": "Kanna, Gunma"}}, {"model": "TabiNyans.city", "pk": 570, "fields": {"prefecture": 10, "city": "Shimonita, Gunma"}}, {"model": "TabiNyans.city", "pk": 571, "fields": {"prefecture": 10, "city": "Nanmoku, Gunma"}}, {"model": "TabiNyans.city", "pk": 572, "fields": {"prefecture": 10, "city": "Kanra, Gunma"}}, {"model": "TabiNyans.city", "pk": 573, "fields": {"prefecture": 10, "city": "Nakanojo, Gunma"}}, {"model": "TabiNyans.city", "pk": 574, "fields": {"prefecture": 10, "city": "Naganohara, Gunma"}}, {"model": "TabiNyans.city", "pk": 575, "fields": {"prefecture": 10, "city": "Tsumagoi, Gunma"}}, {"model": "TabiNyans.city", "pk": 576, "fields": {"prefecture": 10, "city": "Kusatsu, Gunma"}}, {"model": "TabiNyans.city", "pk": 577, "fields": {"prefecture": 10, "city": "Takayama, Gunma"}}, {"model": "TabiNyans.city", "pk": 578, "fields": {"prefecture": 10, "city": "Higashiagatsuma, Gunma"}}, {"model": "TabiNyans.city", "pk": 579, "fields": {"prefecture": 10, "city": "Katashina, Gunma"}}, {"model": "TabiNyans.city", "pk": 580, "fields": {"prefecture": 10, "city": "Kawaba, Gunma"}}, {"model": "TabiNyans.city", "pk": 581, "fields": {"prefecture": 10, "city": "Showa, Gunma"}}, {"model": "TabiNyans.city", "pk": 582, "fields": {"prefecture": 10, "city": "Minakami, Gunma"}}, {"model": "TabiNyans.city", "pk": 583, "fields": {"prefecture": 10, "city": "Tamamura, Gunma"}}, {"model": "TabiNyans.city", "pk": 584, "fields": {"prefecture": 10, "city": "Itakura, Gunma"}}, {"model": "TabiNyans.city", "pk": 585, "fields": {"prefecture": 10, "city": "Meiwa, Gunma"}}, {"model": "TabiNyans.city", "pk": 586, "fields": {"prefecture": 10, "city": "Chiyoda, Gunma"}}, {"model": "TabiNyans.city", "pk": 587, "fields": {"prefecture": 10, "city": "Oizumi, Gunma"}}, {"model": "TabiNyans.city", "pk": 588, "fields": {"prefecture": 10, "city": "Ora, Gunma"}}, {"model": "TabiNyans.city", "pk": 589, "fields": {"prefecture": 11, "city": "Saitama (city)"}}, {"model": "TabiNyans.city", "pk": 590, "fields": {"prefecture": 11, "city": "Nishi-ku, Saitama"}}, {"model": "TabiNyans.city", "pk": 591, "fields": {"prefecture": 11, "city": "Kita-ku, Saitama"}}, {"model": "TabiNyans.city", "pk": 592, "fields": {"prefecture": 11, "city": "Omiya-ku, Saitama"}}, {"model": "TabiNyans.city", "pk": 593, "fields": {"prefecture": 11, "city": "Minuma-ku, Saitama"}}, {"model": "TabiNyans.city", "pk": 594, "fields": {"prefecture": 11, "city": "Chuo-ku, Saitama"}}, {"model": "TabiNyans.city", "pk": 595, "fields": {"prefecture": 11, "city": "Sakura-ku, Saitama"}}, {"model": "TabiNyans.city", "pk": 596, "fields": {"prefecture": 11, "city": "Urawa-ku, Saitama"}}, {"model": "TabiNyans.city", "pk": 597, "fields": {"prefecture": 11, "city": "Minami-ku, Saitama"}}, {"model": "TabiNyans.city", "pk": 598, "fields": {"prefecture": 11, "city": "Midori-ku, Saitama"}}, {"model": "TabiNyans.city", "pk": 599, "fields": {"prefecture": 11, "city": "Iwatsuki-ku, Saitama"}}, {"model": "TabiNyans.city", "pk": 600, "fields": {"prefecture": 11, "city": "Kawagoe, Saitama"}}, {"model": "TabiNyans.city", "pk": 601, "fields": {"prefecture": 11, "city": "Kumagaya, Saitama"}}, {"model": "TabiNyans.city", "pk": 602, "fields": {"prefecture": 11, "city": "Kawaguchi, Saitama"}}, {"model": "TabiNyans.city", "pk": 603, "fields": {"prefecture": 11, "city": "Gyoda"}}, {"model": "TabiNyans.city", "pk": 604, "fields": {"prefecture": 11, "city": "Chichibu, Saitama"}}, {"model": "TabiNyans.city", "pk": 605, "fields": {"prefecture": 11, "city": "Tokorozawa, Saitama"}}, {"model": "TabiNyans.city", "pk": 606, "fields": {"prefecture": 11, "city": "Hanno, Saitama"}}, {"model": "TabiNyans.city", "pk": 607, "fields": {"prefecture": 11, "city": "Kazo, Saitama"}}, {"model": "TabiNyans.city", "pk": 608, "fields": {"prefecture": 11, "city": "Honjo, Saitama"}}, {"model": "TabiNyans.city", "pk": 609, "fields": {"prefecture": 11, "city": "Higashimatsuyama, Saitama"}}, {"model": "TabiNyans.city", "pk": 610, "fields": {"prefecture": 11, "city": "Kasukabe, Saitama"}}, {"model": "TabiNyans.city", "pk": 611, "fields": {"prefecture": 11, "city": "Sayama, Saitama"}}, {"model": "TabiNyans.city", "pk": 612, "fields": {"prefecture": 11, "city": "Hanyu, Saitama"}}, {"model": "TabiNyans.city", "pk": 613, "fields": {"prefecture": 11, "city": "Konosu"}}, {"model": "TabiNyans.city", "pk": 614, "fields": {"prefecture": 11, "city": "Fukaya, Saitama"}}, {"model": "TabiNyans.city", "pk": 615, "fields": {"prefecture": 11, "city": "Ageo, Saitama"}}, {"model": "TabiNyans.city", "pk": 616, "fields": {"prefecture": 11, "city": "Soka"}}, {"model": "TabiNyans.city", "pk": 617, "fields": {"prefecture": 11, "city": "Koshigaya"}}, {"model": "TabiNyans.city", "pk": 618, "fields": {"prefecture": 11, "city": "Warabi, Saitama"}}, {"model": "TabiNyans.city", "pk": 619, "fields": {"prefecture": 11, "city": "Toda, Saitama"}}, {"model": "TabiNyans.city", "pk": 620, "fields": {"prefecture": 11, "city": "Iruma, Saitama"}}, {"model": "TabiNyans.city", "pk": 621, "fields": {"prefecture": 11, "city": "Asaka, Saitama"}}, {"model": "TabiNyans.city", "pk": 622, "fields": {"prefecture": 11, "city": "Shiki, Saitama"}}, {"model": "TabiNyans.city", "pk": 623, "fields": {"prefecture": 11, "city": "Wako, Saitama"}}, {"model": "TabiNyans.city", "pk": 624, "fields": {"prefecture": 11, "city": "Niiza, Saitama"}}, {"model": "TabiNyans.city", "pk": 625, "fields": {"prefecture": 11, "city": "Okegawa, Saitama"}}, {"model": "TabiNyans.city", "pk": 626, "fields": {"prefecture": 11, "city": "Kuki, Saitama"}}, {"model": "TabiNyans.city", "pk": 627, "fields": {"prefecture": 11, "city": "Kitamoto, Saitama"}}, {"model": "TabiNyans.city", "pk": 628, "fields": {"prefecture": 11, "city": "Yashio, Saitama"}}, {"model": "TabiNyans.city", "pk": 629, "fields": {"prefecture": 11, "city": "Fujimi, Saitama"}}, {"model": "TabiNyans.city", "pk": 630, "fields": {"prefecture": 11, "city": "Misato, Saitama (city)"}}, {"model": "TabiNyans.city", "pk": 631, "fields": {"prefecture": 11, "city": "Hasuda, Saitama"}}, {"model": "TabiNyans.city", "pk": 632, "fields": {"prefecture": 11, "city": "Sakado, Saitama"}}, {"model": "TabiNyans.city", "pk": 633, "fields": {"prefecture": 11, "city": "Satte, Saitama"}}, {"model": "TabiNyans.city", "pk": 634, "fields": {"prefecture": 11, "city": "Tsurugashima, Saitama"}}, {"model": "TabiNyans.city", "pk": 635, "fields": {"prefecture": 11, "city": "Hidaka, Saitama"}}, {"model": "TabiNyans.city", "pk": 636, "fields": {"prefecture": 11, "city": "Yoshikawa, Saitama"}}, {"model": "TabiNyans.city", "pk": 637, "fields": {"prefecture": 11, "city": "Fujimino, Saitama"}}, {"model": "TabiNyans.city", "pk": 638, "fields": {"prefecture": 11, "city": "Shiraoka, Saitama"}}, {"model": "TabiNyans.city", "pk": 639, "fields": {"prefecture": 11, "city": "Ina, Saitama"}}, {"model": "TabiNyans.city", "pk": 640, "fields": {"prefecture": 11, "city": "Miyoshi, Saitama"}}, {"model": "TabiNyans.city", "pk": 641, "fields": {"prefecture": 11, "city": "Moroyama, Saitama"}}, {"model": "TabiNyans.city", "pk": 642, "fields": {"prefecture": 11, "city": "Ogose, Saitama"}}, {"model": "TabiNyans.city", "pk": 643, "fields": {"prefecture": 11, "city": "Namegawa, Saitama"}}, {"model": "TabiNyans.city", "pk": 644, "fields": {"prefecture": 11, "city": "Ranzan, Saitama"}}, {"model": "TabiNyans.city", "pk": 645, "fields": {"prefecture": 11, "city": "Ogawa, Saitama"}}, {"model": "TabiNyans.city", "pk": 646, "fields": {"prefecture": 11, "city": "Kawajima, Saitama"}}, {"model": "TabiNyans.city", "pk": 647, "fields": {"prefecture": 11, "city": "Yoshimi, Saitama"}}, {"model": "TabiNyans.city", "pk": 648, "fields": {"prefecture": 11, "city": "Hatoyama, Saitama"}}, {"model": "TabiNyans.city", "pk": 649, "fields": {"prefecture": 11, "city": "Tokigawa, Saitama"}}, {"model": "TabiNyans.city", "pk": 650, "fields": {"prefecture": 11, "city": "Yokoze, Saitama"}}, {"model": "TabiNyans.city", "pk": 651, "fields": {"prefecture": 11, "city": "Minano, Saitama"}}, {"model": "TabiNyans.city", "pk": 652, "fields": {"prefecture": 11, "city": "Nagatoro, Saitama"}}, {"model": "TabiNyans.city", "pk": 653, "fields": {"prefecture": 11, "city": "Ogano, Saitama"}}, {"model": "TabiNyans.city", "pk": 654, "fields": {"prefecture": 11, "city": "Higashichichibu, Saitama"}}, {"model": "TabiNyans.city", "pk": 655, "fields": {"prefecture": 11, "city": "Misato, Saitama (town)"}}, {"model": "TabiNyans.city", "pk": 656, "fields": {"prefecture": 11, "city": "Kamikawa, Saitama"}}, {"model": "TabiNyans.city", "pk": 657, "fields": {"prefecture": 11, "city": "Kamisato, Saitama"}}, {"model": "TabiNyans.city", "pk": 658, "fields": {"prefecture": 11, "city": "Yorii, Saitama"}}, {"model": "TabiNyans.city", "pk": 659, "fields": {"prefecture": 11, "city": "Miyashiro, Saitama"}}, {"model": "TabiNyans.city", "pk": 660, "fields": {"prefecture": 11, "city": "Sugito, Saitama"}}, {"model": "TabiNyans.city", "pk": 661, "fields": {"prefecture": 11, "city": "Matsubushi, Saitama"}}, {"model": "TabiNyans.city", "pk": 662, "fields": {"prefecture": 12, "city": "Chiba (city)"}}, {"model": "TabiNyans.city", "pk": 663, "fields": {"prefecture": 12, "city": "Chuo-ku, Chiba"}}, {"model": "TabiNyans.city", "pk": 664, "fields": {"prefecture": 12, "city": "Hanamigawa-ku"}}, {"model": "TabiNyans.city", "pk": 665, "fields": {"prefecture": 12, "city": "Inage-ku"}}, {"model": "TabiNyans.city", "pk": 666, "fields": {"prefecture": 12, "city": "Wakaba-ku"}}, {"model": "TabiNyans.city", "pk": 667, "fields": {"prefecture": 12, "city": "Midori-ku, Chiba"}}, {"model": "TabiNyans.city", "pk": 668, "fields": {"prefecture": 12, "city": "Mihama-ku"}}, {"model": "TabiNyans.city", "pk": 669, "fields": {"prefecture": 12, "city": "Choshi"}}, {"model": "TabiNyans.city", "pk": 670, "fields": {"prefecture": 12, "city": "Ichikawa, Chiba"}}, {"model": "TabiNyans.city", "pk": 671, "fields": {"prefecture": 12, "city": "Funabashi"}}, {"model": "TabiNyans.city", "pk": 672, "fields": {"prefecture": 12, "city": "Tateyama, Chiba"}}, {"model": "TabiNyans.city", "pk": 673, "fields": {"prefecture": 12, "city": "Kisarazu"}}, {"model": "TabiNyans.city", "pk": 674, "fields": {"prefecture": 12, "city": "Matsudo"}}, {"model": "TabiNyans.city", "pk": 675, "fields": {"prefecture": 12, "city": "Noda, Chiba"}}, {"model": "TabiNyans.city", "pk": 676, "fields": {"prefecture": 12, "city": "Mobara"}}, {"model": "TabiNyans.city", "pk": 677, "fields": {"prefecture": 12, "city": "Narita, Chiba"}}, {"model": "TabiNyans.city", "pk": 678, "fields": {"prefecture": 12, "city": "Sakura, Chiba"}}, {"model": "TabiNyans.city", "pk": 679, "fields": {"prefecture": 12, "city": "Togane"}}, {"model": "TabiNyans.city", "pk": 680, "fields": {"prefecture": 12, "city": "Asahi, Chiba"}}, {"model": "TabiNyans.city", "pk": 681, "fields": {"prefecture": 12, "city": "Narashino"}}, {"model": "TabiNyans.city", "pk": 682, "fields": {"prefecture": 12, "city": "Kashiwa"}}, {"model": "TabiNyans.city", "pk": 683, "fields": {"prefecture": 12, "city": "Katsuura, Chiba"}}, {"model": "TabiNyans.city", "pk": 684, "fields": {"prefecture": 12, "city": "Ichihara, Chiba"}}, {"model": "TabiNyans.city", "pk": 685, "fields": {"prefecture": 12, "city": "Nagareyama"}}, {"model": "TabiNyans.city", "pk": 686, "fields": {"prefecture": 12, "city": "Yachiyo, Chiba"}}, {"model": "TabiNyans.city", "pk": 687, "fields": {"prefecture": 12, "city": "Abiko, Chiba"}}, {"model": "TabiNyans.city", "pk": 688, "fields": {"prefecture": 12, "city": "Kamogawa, Chiba"}}, {"model": "TabiNyans.city", "pk": 689, "fields": {"prefecture": 12, "city": "Kamagaya"}}, {"model": "TabiNyans.city", "pk": 690, "fields": {"prefecture": 12, "city": "Kimitsu"}}, {"model": "TabiNyans.city", "pk": 691, "fields": {"prefecture": 12, "city": "Futtsu"}}, {"model": "TabiNyans.city", "pk": 692, "fields": {"prefecture": 12, "city": "Urayasu"}}, {"model": "TabiNyans.city", "pk": 693, "fields": {"prefecture": 12, "city": "Yotsukaido"}}, {"model": "TabiNyans.city", "pk": 694, "fields": {"prefecture": 12, "city": "Sodegaura"}}, {"model": "TabiNyans.city", "pk": 695, "fields": {"prefecture": 12, "city": "Yachimata"}}, {"model": "TabiNyans.city", "pk": 696, "fields": {"prefecture": 12, "city": "Inzai"}}, {"model": "TabiNyans.city", "pk": 697, "fields": {"prefecture": 12, "city": "Shiroi"}}, {"model": "TabiNyans.city", "pk": 698, "fields": {"prefecture": 12, "city": "Tomisato"}}, {"model": "TabiNyans.city", "pk": 699, "fields": {"prefecture": 12, "city": "Minamiboso"}}, {"model": "TabiNyans.city", "pk": 700, "fields": {"prefecture": 12, "city": "Sosa"}}, {"model": "TabiNyans.city", "pk": 701, "fields": {"prefecture": 12, "city": "Katori, Chiba"}}, {"model": "TabiNyans.city", "pk": 702, "fields": {"prefecture": 12, "city": "Sanmu"}}, {"model": "TabiNyans.city", "pk": 703, "fields": {"prefecture": 12, "city": "Isumi"}}, {"model": "TabiNyans.city", "pk": 704, "fields": {"prefecture": 12, "city": "oamishirasato"}}, {"model": "TabiNyans.city", "pk": 705, "fields": {"prefecture": 12, "city": "Shisui"}}, {"model": "TabiNyans.city", "pk": 706, "fields": {"prefecture": 12, "city": "Sakae, Chiba"}}, {"model": "TabiNyans.city", "pk": 707, "fields": {"prefecture": 12, "city": "Kozaki"}}, {"model": "TabiNyans.city", "pk": 708, "fields": {"prefecture": 12, "city": "Tako, Chiba"}}, {"model": "TabiNyans.city", "pk": 709, "fields": {"prefecture": 12, "city": "Tonosho"}}, {"model": "TabiNyans.city", "pk": 710, "fields": {"prefecture": 12, "city": "Kujukuri"}}, {"model": "TabiNyans.city", "pk": 711, "fields": {"prefecture": 12, "city": "Shibayama, Chiba"}}, {"model": "TabiNyans.city", "pk": 712, "fields": {"prefecture": 12, "city": "Yokoshibahikari"}}, {"model": "TabiNyans.city", "pk": 713, "fields": {"prefecture": 12, "city": "Ichinomiya, Chiba"}}, {"model": "TabiNyans.city", "pk": 714, "fields": {"prefecture": 12, "city": "Mutsuzawa"}}, {"model": "TabiNyans.city", "pk": 715, "fields": {"prefecture": 12, "city": "Chosei"}}, {"model": "TabiNyans.city", "pk": 716, "fields": {"prefecture": 12, "city": "Shirako"}}, {"model": "TabiNyans.city", "pk": 717, "fields": {"prefecture": 12, "city": "Nagara, Chiba"}}, {"model": "TabiNyans.city", "pk": 718, "fields": {"prefecture": 12, "city": "Chonan"}}, {"model": "TabiNyans.city", "pk": 719, "fields": {"prefecture": 12, "city": "otaki, Chiba"}}, {"model": "TabiNyans.city", "pk": 720, "fields": {"prefecture": 12, "city": "Onjuku"}}, {"model": "TabiNyans.city", "pk": 721, "fields": {"prefecture": 12, "city": "Kyonan"}}, {"model": "TabiNyans.city", "pk": 722, "fields": {"prefecture": 14, "city": "Yokohama"}}, {"model": "TabiNyans.city", "pk": 723, "fields": {"prefecture": 14, "city": "Tsurumi-ku, Yokohama"}}, {"model": "TabiNyans.city", "pk": 724, "fields": {"prefecture": 14, "city": "Kanagawa-ku, Yokohama"}}, {"model": "TabiNyans.city", "pk": 725, "fields": {"prefecture": 14, "city": "Nishi-ku, Yokohama"}}, {"model": "TabiNyans.city", "pk": 726, "fields": {"prefecture": 14, "city": "Naka-ku, Yokohama"}}, {"model": "TabiNyans.city", "pk": 727, "fields": {"prefecture": 14, "city": "Minami-ku, Yokohama"}}, {"model": "TabiNyans.city", "pk": 728, "fields": {"prefecture": 14, "city": "Hodogaya-ku, Yokohama"}}, {"model": "TabiNyans.city", "pk": 729, "fields": {"prefecture": 14, "city": "Isogo-ku, Yokohama"}}, {"model": "TabiNyans.city", "pk": 730, "fields": {"prefecture": 14, "city": "Kanazawa-ku, Yokohama"}}, {"model": "TabiNyans.city", "pk": 731, "fields": {"prefecture": 14, "city": "Kohoku-ku, Yokohama"}}, {"model": "TabiNyans.city", "pk": 732, "fields": {"prefecture": 14, "city": "Totsuka-ku, Yokohama"}}, {"model": "TabiNyans.city", "pk": 733, "fields": {"prefecture": 14, "city": "Konan-ku, Yokohama"}}, {"model": "TabiNyans.city", "pk": 734, "fields": {"prefecture": 14, "city": "Asahi-ku, Yokohama"}}, {"model": "TabiNyans.city", "pk": 735, "fields": {"prefecture": 14, "city": "Midori-ku, Yokohama"}}, {"model": "TabiNyans.city", "pk": 736, "fields": {"prefecture": 14, "city": "Seya-ku, Yokohama"}}, {"model": "TabiNyans.city", "pk": 737, "fields": {"prefecture": 14, "city": "Sakae-ku, Yokohama"}}, {"model": "TabiNyans.city", "pk": 738, "fields": {"prefecture": 14, "city": "Izumi-ku, Yokohama"}}, {"model": "TabiNyans.city", "pk": 739, "fields": {"prefecture": 14, "city": "Aoba-ku, Yokohama"}}, {"model": "TabiNyans.city", "pk": 740, "fields": {"prefecture": 14, "city": "Tsuzuki-ku, Yokohama"}}, {"model": "TabiNyans.city", "pk": 741, "fields": {"prefecture": 14, "city": "Kawasaki, Kanagawa"}}, {"model": "TabiNyans.city", "pk": 742, "fields": {"prefecture": 14, "city": "Kawasaki-ku, Kawasaki"}}, {"model": "TabiNyans.city", "pk": 743, "fields": {"prefecture": 14, "city": "Saiwai-ku, Kawasaki"}}, {"model": "TabiNyans.city", "pk": 744, "fields": {"prefecture": 14, "city": "Nakahara-ku, Kawasaki"}}, {"model": "TabiNyans.city", "pk": 745, "fields": {"prefecture": 14, "city": "Takatsu-ku, Kawasaki"}}, {"model": "TabiNyans.city", "pk": 746, "fields": {"prefecture": 14, "city": "Tama-ku, Kawasaki"}}, {"model": "TabiNyans.city", "pk": 747, "fields": {"prefecture": 14, "city": "Miyamae-ku, Kawasaki"}}, {"model": "TabiNyans.city", "pk": 748, "fields": {"prefecture": 14, "city": "Asao-ku, Kawasaki"}}, {"model": "TabiNyans.city", "pk": 749, "fields": {"prefecture": 14, "city": "Sagamihara"}}, {"model": "TabiNyans.city", "pk": 750, "fields": {"prefecture": 14, "city": "Midori-ku, Sagamihara"}}, {"model": "TabiNyans.city", "pk": 751, "fields": {"prefecture": 14, "city": "Chuo-ku, Sagamihara"}}, {"model": "TabiNyans.city", "pk": 752, "fields": {"prefecture": 14, "city": "Minami-ku, Sagamihara"}}, {"model": "TabiNyans.city", "pk": 753, "fields": {"prefecture": 14, "city": "Yokosuka"}}, {"model": "TabiNyans.city", "pk": 754, "fields": {"prefecture": 14, "city": "Hiratsuka"}}, {"model": "TabiNyans.city", "pk": 755, "fields": {"prefecture": 14, "city": "Kamakura"}}, {"model": "TabiNyans.city", "pk": 756, "fields": {"prefecture": 14, "city": "Fujisawa, Kanagawa"}}, {"model": "TabiNyans.city", "pk": 757, "fields": {"prefecture": 14, "city": "Odawara"}}, {"model": "TabiNyans.city", "pk": 758, "fields": {"prefecture": 14, "city": "Chigasaki, Kanagawa"}}, {"model": "TabiNyans.city", "pk": 759, "fields": {"prefecture": 14, "city": "Zushi, Kanagawa"}}, {"model": "TabiNyans.city", "pk": 760, "fields": {"prefecture": 14, "city": "Miura, Kanagawa"}}, {"model": "TabiNyans.city", "pk": 761, "fields": {"prefecture": 14, "city": "Hadano, Kanagawa"}}, {"model": "TabiNyans.city", "pk": 762, "fields": {"prefecture": 14, "city": "Atsugi"}}, {"model": "TabiNyans.city", "pk": 763, "fields": {"prefecture": 14, "city": "Yamato, Kanagawa"}}, {"model": "TabiNyans.city", "pk": 764, "fields": {"prefecture": 14, "city": "Isehara, Kanagawa"}}, {"model": "TabiNyans.city", "pk": 765, "fields": {"prefecture": 14, "city": "Ebina, Kanagawa"}}, {"model": "TabiNyans.city", "pk": 766, "fields": {"prefecture": 14, "city": "Zama, Kanagawa"}}, {"model": "TabiNyans.city", "pk": 767, "fields": {"prefecture": 14, "city": "Minamiashigara, Kanagawa"}}, {"model": "TabiNyans.city", "pk": 768, "fields": {"prefecture": 14, "city": "Ayase, Kanagawa"}}, {"model": "TabiNyans.city", "pk": 769, "fields": {"prefecture": 14, "city": "Hayama, Kanagawa"}}, {"model": "TabiNyans.city", "pk": 770, "fields": {"prefecture": 14, "city": "Samukawa"}}, {"model": "TabiNyans.city", "pk": 771, "fields": {"prefecture": 14, "city": "oiso, Kanagawa"}}, {"model": "TabiNyans.city", "pk": 772, "fields": {"prefecture": 14, "city": "Ninomiya, Kanagawa"}}, {"model": "TabiNyans.city", "pk": 773, "fields": {"prefecture": 14, "city": "Nakai, Kanagawa"}}, {"model": "TabiNyans.city", "pk": 774, "fields": {"prefecture": 14, "city": "Oi, Kanagawa"}}, {"model": "TabiNyans.city", "pk": 775, "fields": {"prefecture": 14, "city": "Matsuda, Kanagawa"}}, {"model": "TabiNyans.city", "pk": 776, "fields": {"prefecture": 14, "city": "Yamakita, Kanagawa"}}, {"model": "TabiNyans.city", "pk": 777, "fields": {"prefecture": 14, "city": "Kaisei, Kanagawa"}}, {"model": "TabiNyans.city", "pk": 778, "fields": {"prefecture": 14, "city": "Hakone"}}, {"model": "TabiNyans.city", "pk": 779, "fields": {"prefecture": 14, "city": "Manazuru, Kanagawa"}}, {"model": "TabiNyans.city", "pk": 780, "fields": {"prefecture": 14, "city": "Yugawara"}}, {"model": "TabiNyans.city", "pk": 781, "fields": {"prefecture": 14, "city": "Aikawa, Kanagawa"}}, {"model": "TabiNyans.city", "pk": 782, "fields": {"prefecture": 14, "city": "Kiyokawa, Kanagawa"}}, {"model": "TabiNyans.city", "pk": 783, "fields": {"prefecture": 15, "city": "Niigata (city)"}}, {"model": "TabiNyans.city", "pk": 784, "fields": {"prefecture": 15, "city": "Kita-ku, Niigata"}}, {"model": "TabiNyans.city", "pk": 785, "fields": {"prefecture": 15, "city": "Higashi-ku, Niigata"}}, {"model": "TabiNyans.city", "pk": 786, "fields": {"prefecture": 15, "city": "Chuo-ku, Niigata"}}, {"model": "TabiNyans.city", "pk": 787, "fields": {"prefecture": 15, "city": "Konan-ku, Niigata"}}, {"model": "TabiNyans.city", "pk": 788, "fields": {"prefecture": 15, "city": "Akiha-ku, Niigata"}}, {"model": "TabiNyans.city", "pk": 789, "fields": {"prefecture": 15, "city": "Minami-ku, Niigata"}}, {"model": "TabiNyans.city", "pk": 790, "fields": {"prefecture": 15, "city": "Nishi-ku, Niigata"}}, {"model": "TabiNyans.city", "pk": 791, "fields": {"prefecture": 15, "city": "Nishikan-ku, Niigata"}}, {"model": "TabiNyans.city", "pk": 792, "fields": {"prefecture": 15, "city": "Nagaoka, Niigata"}}, {"model": "TabiNyans.city", "pk": 793, "fields": {"prefecture": 15, "city": "Sanjo, Niigata"}}, {"model": "TabiNyans.city", "pk": 794, "fields": {"prefecture": 15, "city": "Kashiwazaki, Niigata"}}, {"model": "TabiNyans.city", "pk": 795, "fields": {"prefecture": 15, "city": "Shibata, Niigata"}}, {"model": "TabiNyans.city", "pk": 796, "fields": {"prefecture": 15, "city": "Ojiya, Niigata"}}, {"model": "TabiNyans.city", "pk": 797, "fields": {"prefecture": 15, "city": "Kamo, Niigata"}}, {"model": "TabiNyans.city", "pk": 798, "fields": {"prefecture": 15, "city": "Tokamachi"}}, {"model": "TabiNyans.city", "pk": 799, "fields": {"prefecture": 15, "city": "Mitsuke, Niigata"}}, {"model": "TabiNyans.city", "pk": 800, "fields": {"prefecture": 15, "city": "Murakami, Niigata"}}, {"model": "TabiNyans.city", "pk": 801, "fields": {"prefecture": 15, "city": "Tsubame, Niigata"}}, {"model": "TabiNyans.city", "pk": 802, "fields": {"prefecture": 15, "city": "Itoigawa, Niigata"}}, {"model": "TabiNyans.city", "pk": 803, "fields": {"prefecture": 15, "city": "Myoko, Niigata"}}, {"model": "TabiNyans.city", "pk": 804, "fields": {"prefecture": 15, "city": "Gosen, Niigata"}}, {"model": "TabiNyans.city", "pk": 805, "fields": {"prefecture": 15, "city": "Joetsu, Niigata"}}, {"model": "TabiNyans.city", "pk": 806, "fields": {"prefecture": 15, "city": "Agano, Niigata"}}, {"model": "TabiNyans.city", "pk": 807, "fields": {"prefecture": 15, "city": "Sado, Niigata"}}, {"model": "TabiNyans.city", "pk": 808, "fields": {"prefecture": 15, "city": "Uonuma"}}, {"model": "TabiNyans.city", "pk": 809, "fields": {"prefecture": 15, "city": "Minamiuonuma"}}, {"model": "TabiNyans.city", "pk": 810, "fields": {"prefecture": 15, "city": "Tainai"}}, {"model": "TabiNyans.city", "pk": 811, "fields": {"prefecture": 15, "city": "Seiro, Niigata"}}, {"model": "TabiNyans.city", "pk": 812, "fields": {"prefecture": 15, "city": "Yahiko, Niigata"}}, {"model": "TabiNyans.city", "pk": 813, "fields": {"prefecture": 15, "city": "Tagami, Niigata"}}, {"model": "TabiNyans.city", "pk": 814, "fields": {"prefecture": 15, "city": "Aga, Niigata"}}, {"model": "TabiNyans.city", "pk": 815, "fields": {"prefecture": 15, "city": "Izumozaki"}}, {"model": "TabiNyans.city", "pk": 816, "fields": {"prefecture": 15, "city": "Yuzawa, Niigata"}}, {"model": "TabiNyans.city", "pk": 817, "fields": {"prefecture": 15, "city": "Tsunan"}}, {"model": "TabiNyans.city", "pk": 818, "fields": {"prefecture": 15, "city": "Kariwa"}}, {"model": "TabiNyans.city", "pk": 819, "fields": {"prefecture": 15, "city": "Sekikawa"}}, {"model": "TabiNyans.city", "pk": 820, "fields": {"prefecture": 15, "city": "Awashimaura"}}, {"model": "TabiNyans.city", "pk": 821, "fields": {"prefecture": 16, "city": "Toyama (city)"}}, {"model": "TabiNyans.city", "pk": 822, "fields": {"prefecture": 16, "city": "Takaoka, Toyama"}}, {"model": "TabiNyans.city", "pk": 823, "fields": {"prefecture": 16, "city": "Uozu, Toyama"}}, {"model": "TabiNyans.city", "pk": 824, "fields": {"prefecture": 16, "city": "Himi, Toyama"}}, {"model": "TabiNyans.city", "pk": 825, "fields": {"prefecture": 16, "city": "Namerikawa, Toyama"}}, {"model": "TabiNyans.city", "pk": 826, "fields": {"prefecture": 16, "city": "Kurobe, Toyama"}}, {"model": "TabiNyans.city", "pk": 827, "fields": {"prefecture": 16, "city": "Tonami, Toyama"}}, {"model": "TabiNyans.city", "pk": 828, "fields": {"prefecture": 16, "city": "Oyabe, Toyama"}}, {"model": "TabiNyans.city", "pk": 829, "fields": {"prefecture": 16, "city": "Nanto, Toyama"}}, {"model": "TabiNyans.city", "pk": 830, "fields": {"prefecture": 16, "city": "Imizu, Toyama"}}, {"model": "TabiNyans.city", "pk": 831, "fields": {"prefecture": 16, "city": "Funahashi, Toyama"}}, {"model": "TabiNyans.city", "pk": 832, "fields": {"prefecture": 16, "city": "Kamiichi, Toyama"}}, {"model": "TabiNyans.city", "pk": 833, "fields": {"prefecture": 16, "city": "Tateyama, Toyama"}}, {"model": "TabiNyans.city", "pk": 834, "fields": {"prefecture": 16, "city": "Nyuzen, Toyama"}}, {"model": "TabiNyans.city", "pk": 835, "fields": {"prefecture": 16, "city": "Asahi, Toyama"}}, {"model": "TabiNyans.city", "pk": 836, "fields": {"prefecture": 17, "city": "Kanazawa"}}, {"model": "TabiNyans.city", "pk": 837, "fields": {"prefecture": 17, "city": "Nanao, Ishikawa"}}, {"model": "TabiNyans.city", "pk": 838, "fields": {"prefecture": 17, "city": "Komatsu, Ishikawa"}}, {"model": "TabiNyans.city", "pk": 839, "fields": {"prefecture": 17, "city": "Wajima, Ishikawa"}}, {"model": "TabiNyans.city", "pk": 840, "fields": {"prefecture": 17, "city": "Suzu, Ishikawa"}}, {"model": "TabiNyans.city", "pk": 841, "fields": {"prefecture": 17, "city": "Kaga, Ishikawa"}}, {"model": "TabiNyans.city", "pk": 842, "fields": {"prefecture": 17, "city": "Hakui, Ishikawa"}}, {"model": "TabiNyans.city", "pk": 843, "fields": {"prefecture": 17, "city": "Kahoku, Ishikawa"}}, {"model": "TabiNyans.city", "pk": 844, "fields": {"prefecture": 17, "city": "Hakusan, Ishikawa"}}, {"model": "TabiNyans.city", "pk": 845, "fields": {"prefecture": 17, "city": "Nomi, Ishikawa"}}, {"model": "TabiNyans.city", "pk": 846, "fields": {"prefecture": 17, "city": "Nonoichi, Ishikawa"}}, {"model": "TabiNyans.city", "pk": 847, "fields": {"prefecture": 17, "city": "Kawakita, Ishikawa"}}, {"model": "TabiNyans.city", "pk": 848, "fields": {"prefecture": 17, "city": "Tsubata, Ishikawa"}}, {"model": "TabiNyans.city", "pk": 849, "fields": {"prefecture": 17, "city": "Uchinada, Ishikawa"}}, {"model": "TabiNyans.city", "pk": 850, "fields": {"prefecture": 17, "city": "Shika, Ishikawa"}}, {"model": "TabiNyans.city", "pk": 851, "fields": {"prefecture": 17, "city": "Hodatsushimizu, Ishikawa"}}, {"model": "TabiNyans.city", "pk": 852, "fields": {"prefecture": 17, "city": "Nakanoto, Ishikawa"}}, {"model": "TabiNyans.city", "pk": 853, "fields": {"prefecture": 17, "city": "Anamizu, Ishikawa"}}, {"model": "TabiNyans.city", "pk": 854, "fields": {"prefecture": 17, "city": "Noto, Ishikawa"}}, {"model": "TabiNyans.city", "pk": 855, "fields": {"prefecture": 18, "city": "Fukui (city)"}}, {"model": "TabiNyans.city", "pk": 856, "fields": {"prefecture": 18, "city": "Tsuruga, Fukui"}}, {"model": "TabiNyans.city", "pk": 857, "fields": {"prefecture": 18, "city": "Obama, Fukui"}}, {"model": "TabiNyans.city", "pk": 858, "fields": {"prefecture": 18, "city": "Ono, Fukui"}}, {"model": "TabiNyans.city", "pk": 859, "fields": {"prefecture": 18, "city": "Katsuyama, Fukui"}}, {"model": "TabiNyans.city", "pk": 860, "fields": {"prefecture": 18, "city": "Sabae, Fukui"}}, {"model": "TabiNyans.city", "pk": 861, "fields": {"prefecture": 18, "city": "Awara, Fukui"}}, {"model": "TabiNyans.city", "pk": 862, "fields": {"prefecture": 18, "city": "Echizen, Fukui"}}, {"model": "TabiNyans.city", "pk": 863, "fields": {"prefecture": 18, "city": "Sakai, Fukui"}}, {"model": "TabiNyans.city", "pk": 864, "fields": {"prefecture": 18, "city": "Eiheiji, Fukui"}}, {"model": "TabiNyans.city", "pk": 865, "fields": {"prefecture": 18, "city": "Ikeda, Fukui"}}, {"model": "TabiNyans.city", "pk": 866, "fields": {"prefecture": 18, "city": "Minamiechizen, Fukui"}}, {"model": "TabiNyans.city", "pk": 867, "fields": {"prefecture": 18, "city": "Echizen, Fukui (town)"}}, {"model": "TabiNyans.city", "pk": 868, "fields": {"prefecture": 18, "city": "Mihama, Fukui"}}, {"model": "TabiNyans.city", "pk": 869, "fields": {"prefecture": 18, "city": "Takahama, Fukui"}}, {"model": "TabiNyans.city", "pk": 870, "fields": {"prefecture": 18, "city": "Oi, Fukui"}}, {"model": "TabiNyans.city", "pk": 871, "fields": {"prefecture": 18, "city": "Wakasa, Fukui"}}, {"model": "TabiNyans.city", "pk": 872, "fields": {"prefecture": 19, "city": "Kofu"}}, {"model": "TabiNyans.city", "pk": 873, "fields": {"prefecture": 19, "city": "Fujiyoshida, Yamanashi"}}, {"model": "TabiNyans.city", "pk": 874, "fields": {"prefecture": 19, "city": "Tsuru, Yamanashi"}}, {"model": "TabiNyans.city", "pk": 875, "fields": {"prefecture": 19, "city": "Yamanashi, Yamanashi"}}, {"model": "TabiNyans.city", "pk": 876, "fields": {"prefecture": 19, "city": "Otsuki, Yamanashi"}}, {"model": "TabiNyans.city", "pk": 877, "fields": {"prefecture": 19, "city": "Nirasaki, Yamanashi"}}, {"model": "TabiNyans.city", "pk": 878, "fields": {"prefecture": 19, "city": "Minami-Alps, Yamanashi"}}, {"model": "TabiNyans.city", "pk": 879, "fields": {"prefecture": 19, "city": "Hokuto, Yamanashi"}}, {"model": "TabiNyans.city", "pk": 880, "fields": {"prefecture": 19, "city": "Kai, Yamanashi"}}, {"model": "TabiNyans.city", "pk": 881, "fields": {"prefecture": 19, "city": "Fuefuki"}}, {"model": "TabiNyans.city", "pk": 882, "fields": {"prefecture": 19, "city": "Uenohara, Yamanashi"}}, {"model": "TabiNyans.city", "pk": 883, "fields": {"prefecture": 19, "city": "Koshu, Yamanashi"}}, {"model": "TabiNyans.city", "pk": 884, "fields": {"prefecture": 19, "city": "Chuo, Yamanashi"}}, {"model": "TabiNyans.city", "pk": 885, "fields": {"prefecture": 19, "city": "Ichikawamisato"}}, {"model": "TabiNyans.city", "pk": 886, "fields": {"prefecture": 19, "city": "Hayakawa, Yamanashi"}}, {"model": "TabiNyans.city", "pk": 887, "fields": {"prefecture": 19, "city": "Minobu, Yamanashi"}}, {"model": "TabiNyans.city", "pk": 888, "fields": {"prefecture": 19, "city": "Nanbu, Yamanashi"}}, {"model": "TabiNyans.city", "pk": 889, "fields": {"prefecture": 19, "city": "Fujikawa, Yamanashi"}}, {"model": "TabiNyans.city", "pk": 890, "fields": {"prefecture": 19, "city": "Showa, Yamanashi"}}, {"model": "TabiNyans.city", "pk": 891, "fields": {"prefecture": 19, "city": "Doshi"}}, {"model": "TabiNyans.city", "pk": 892, "fields": {"prefecture": 19, "city": "Nishikatsura"}}, {"model": "TabiNyans.city", "pk": 893, "fields": {"prefecture": 19, "city": "Oshino, Yamanashi"}}, {"model": "TabiNyans.city", "pk": 894, "fields": {"prefecture": 19, "city": "Yamanakako, Yamanashi"}}, {"model": "TabiNyans.city", "pk": 895, "fields": {"prefecture": 19, "city": "Narusawa, Yamanashi"}}, {"model": "TabiNyans.city", "pk": 896, "fields": {"prefecture": 19, "city": "Fujikawaguchiko, Yamanashi"}}, {"model": "TabiNyans.city", "pk": 897, "fields": {"prefecture": 19, "city": "Kosuge, Yamanashi"}}, {"model": "TabiNyans.city", "pk": 898, "fields": {"prefecture": 19, "city": "Tabayama"}}, {"model": "TabiNyans.city", "pk": 899, "fields": {"prefecture": 20, "city": "Nagano (city)"}}, {"model": "TabiNyans.city", "pk": 900, "fields": {"prefecture": 20, "city": "Matsumoto, Nagano"}}, {"model": "TabiNyans.city", "pk": 901, "fields": {"prefecture": 20, "city": "Ueda, Nagano"}}, {"model": "TabiNyans.city", "pk": 902, "fields": {"prefecture": 20, "city": "Okaya, Nagano"}}, {"model": "TabiNyans.city", "pk": 903, "fields": {"prefecture": 20, "city": "Iida, Nagano"}}, {"model": "TabiNyans.city", "pk": 904, "fields": {"prefecture": 20, "city": "Suwa, Nagano"}}, {"model": "TabiNyans.city", "pk": 905, "fields": {"prefecture": 20, "city": "Suzaka, Nagano"}}, {"model": "TabiNyans.city", "pk": 906, "fields": {"prefecture": 20, "city": "Komoro, Nagano"}}, {"model": "TabiNyans.city", "pk": 907, "fields": {"prefecture": 20, "city": "Ina, Nagano"}}, {"model": "TabiNyans.city", "pk": 908, "fields": {"prefecture": 20, "city": "Komagane, Nagano"}}, {"model": "TabiNyans.city", "pk": 909, "fields": {"prefecture": 20, "city": "Nakano, Nagano"}}, {"model": "TabiNyans.city", "pk": 910, "fields": {"prefecture": 20, "city": "omachi, Nagano"}}, {"model": "TabiNyans.city", "pk": 911, "fields": {"prefecture": 20, "city": "Iiyama, Nagano"}}, {"model": "TabiNyans.city", "pk": 912, "fields": {"prefecture": 20, "city": "Chino, Nagano"}}, {"model": "TabiNyans.city", "pk": 913, "fields": {"prefecture": 20, "city": "Shiojiri, Nagano"}}, {"model": "TabiNyans.city", "pk": 914, "fields": {"prefecture": 20, "city": "Saku, Nagano"}}, {"model": "TabiNyans.city", "pk": 915, "fields": {"prefecture": 20, "city": "Chikuma, Nagano"}}, {"model": "TabiNyans.city", "pk": 916, "fields": {"prefecture": 20, "city": "Tomi, Nagano"}}, {"model": "TabiNyans.city", "pk": 917, "fields": {"prefecture": 20, "city": "Azumino, Nagano"}}, {"model": "TabiNyans.city", "pk": 918, "fields": {"prefecture": 20, "city": "Koumi, Nagano"}}, {"model": "TabiNyans.city", "pk": 919, "fields": {"prefecture": 20, "city": "Kawakami, Nagano"}}, {"model": "TabiNyans.city", "pk": 920, "fields": {"prefecture": 20, "city": "Minamimaki, Nagano"}}, {"model": "TabiNyans.city", "pk": 921, "fields": {"prefecture": 20, "city": "Minamiaiki, Nagano"}}, {"model": "TabiNyans.city", "pk": 922, "fields": {"prefecture": 20, "city": "Kitaaiki, Nagano"}}, {"model": "TabiNyans.city", "pk": 923, "fields": {"prefecture": 20, "city": "Sakuho, Nagano"}}, {"model": "TabiNyans.city", "pk": 924, "fields": {"prefecture": 20, "city": "Karuizawa, Nagano"}}, {"model": "TabiNyans.city", "pk": 925, "fields": {"prefecture": 20, "city": "Miyota, Nagano"}}, {"model": "TabiNyans.city", "pk": 926, "fields": {"prefecture": 20, "city": "Tateshina, Nagano"}}, {"model": "TabiNyans.city", "pk": 927, "fields": {"prefecture": 20, "city": "Aoki, Nagano"}}, {"model": "TabiNyans.city", "pk": 928, "fields": {"prefecture": 20, "city": "Nagawa, Nagano"}}, {"model": "TabiNyans.city", "pk": 929, "fields": {"prefecture": 20, "city": "Shimosuwa, Nagano"}}, {"model": "TabiNyans.city", "pk": 930, "fields": {"prefecture": 20, "city": "Fujimi, Nagano"}}, {"model": "TabiNyans.city", "pk": 931, "fields": {"prefecture": 20, "city": "Hara, Nagano"}}, {"model": "TabiNyans.city", "pk": 932, "fields": {"prefecture": 20, "city": "Tatsuno, Nagano"}}, {"model": "TabiNyans.city", "pk": 933, "fields": {"prefecture": 20, "city": "Minowa, Nagano"}}, {"model": "TabiNyans.city", "pk": 934, "fields": {"prefecture": 20, "city": "Iijima, Nagano"}}, {"model": "TabiNyans.city", "pk": 935, "fields": {"prefecture": 20, "city": "Minamiminowa, Nagano"}}, {"model": "TabiNyans.city", "pk": 936, "fields": {"prefecture": 20, "city": "Nakagawa, Nagano"}}, {"model": "TabiNyans.city", "pk": 937, "fields": {"prefecture": 20, "city": "Miyada, Nagano"}}, {"model": "TabiNyans.city", "pk": 938, "fields": {"prefecture": 20, "city": "Matsukawa, Nagano (Shimoina)"}}, {"model": "TabiNyans.city", "pk": 939, "fields": {"prefecture": 20, "city": "Takamori, Nagano"}}, {"model": "TabiNyans.city", "pk": 940, "fields": {"prefecture": 20, "city": "Anan, Nagano"}}, {"model": "TabiNyans.city", "pk": 941, "fields": {"prefecture": 20, "city": "Achi, Nagano"}}, {"model": "TabiNyans.city", "pk": 942, "fields": {"prefecture": 20, "city": "Hiraya, Nagano"}}, {"model": "TabiNyans.city", "pk": 943, "fields": {"prefecture": 20, "city": "Neba, Nagano"}}, {"model": "TabiNyans.city", "pk": 944, "fields": {"prefecture": 20, "city": "Shimojo, Nagano"}}, {"model": "TabiNyans.city", "pk": 945, "fields": {"prefecture": 20, "city": "Urugi, Nagano"}}, {"model": "TabiNyans.city", "pk": 946, "fields": {"prefecture": 20, "city": "Tenryu, Nagano"}}, {"model": "TabiNyans.city", "pk": 947, "fields": {"prefecture": 20, "city": "Yasuoka, Nagano"}}, {"model": "TabiNyans.city", "pk": 948, "fields": {"prefecture": 20, "city": "Takagi, Nagano"}}, {"model": "TabiNyans.city", "pk": 949, "fields": {"prefecture": 20, "city": "Toyooka, Nagano"}}, {"model": "TabiNyans.city", "pk": 950, "fields": {"prefecture": 20, "city": "oshika, Nagano"}}, {"model": "TabiNyans.city", "pk": 951, "fields": {"prefecture": 20, "city": "Agematsu, Nagano"}}, {"model": "TabiNyans.city", "pk": 952, "fields": {"prefecture": 20, "city": "Nagiso, Nagano"}}, {"model": "TabiNyans.city", "pk": 953, "fields": {"prefecture": 20, "city": "Kiso, Nagano (village)"}}, {"model": "TabiNyans.city", "pk": 954, "fields": {"prefecture": 20, "city": "otaki, Nagano"}}, {"model": "TabiNyans.city", "pk": 955, "fields": {"prefecture": 20, "city": "okuwa, Nagano"}}, {"model": "TabiNyans.city", "pk": 956, "fields": {"prefecture": 20, "city": "Kiso, Nagano (town)"}}, {"model": "TabiNyans.city", "pk": 957, "fields": {"prefecture": 20, "city": "Omi, Nagano"}}, {"model": "TabiNyans.city", "pk": 958, "fields": {"prefecture": 20, "city": "Ikusaka, Nagano"}}, {"model": "TabiNyans.city", "pk": 959, "fields": {"prefecture": 20, "city": "Yamagata, Nagano"}}, {"model": "TabiNyans.city", "pk": 960, "fields": {"prefecture": 20, "city": "Asahi, Nagano"}}, {"model": "TabiNyans.city", "pk": 961, "fields": {"prefecture": 20, "city": "Chikuhoku, Nagano"}}, {"model": "TabiNyans.city", "pk": 962, "fields": {"prefecture": 20, "city": "Ikeda, Nagano"}}, {"model": "TabiNyans.city", "pk": 963, "fields": {"prefecture": 20, "city": "Matsukawa, Nagano (Kitaazumi)"}}, {"model": "TabiNyans.city", "pk": 964, "fields": {"prefecture": 20, "city": "Hakuba, Nagano"}}, {"model": "TabiNyans.city", "pk": 965, "fields": {"prefecture": 20, "city": "Otari, Nagano"}}, {"model": "TabiNyans.city", "pk": 966, "fields": {"prefecture": 20, "city": "Sakaki, Nagano"}}, {"model": "TabiNyans.city", "pk": 967, "fields": {"prefecture": 20, "city": "Obuse, Nagano"}}, {"model": "TabiNyans.city", "pk": 968, "fields": {"prefecture": 20, "city": "Takayama, Nagano"}}, {"model": "TabiNyans.city", "pk": 969, "fields": {"prefecture": 20, "city": "Yamanouchi, Nagano"}}, {"model": "TabiNyans.city", "pk": 970, "fields": {"prefecture": 20, "city": "Kijimadaira, Nagano"}}, {"model": "TabiNyans.city", "pk": 971, "fields": {"prefecture": 20, "city": "Nozawaonsen, Nagano"}}, {"model": "TabiNyans.city", "pk": 972, "fields": {"prefecture": 20, "city": "Shinano, Nagano"}}, {"model": "TabiNyans.city", "pk": 973, "fields": {"prefecture": 20, "city": "Ogawa, Nagano"}}, {"model": "TabiNyans.city", "pk": 974, "fields": {"prefecture": 20, "city": "Iizuna, Nagano"}}, {"model": "TabiNyans.city", "pk": 975, "fields": {"prefecture": 20, "city": "Sakae, Nagano"}}, {"model": "TabiNyans.city", "pk": 976, "fields": {"prefecture": 21, "city": "Gifu"}}, {"model": "TabiNyans.city", "pk": 977, "fields": {"prefecture": 21, "city": "Ogaki"}}, {"model": "TabiNyans.city", "pk": 978, "fields": {"prefecture": 21, "city": "Takayama, Gifu"}}, {"model": "TabiNyans.city", "pk": 979, "fields": {"prefecture": 21, "city": "Tajimi"}}, {"model": "TabiNyans.city", "pk": 980, "fields": {"prefecture": 21, "city": "Seki, Gifu"}}, {"model": "TabiNyans.city", "pk": 981, "fields": {"prefecture": 21, "city": "Nakatsugawa, Gifu"}}, {"model": "TabiNyans.city", "pk": 982, "fields": {"prefecture": 21, "city": "Mino, Gifu"}}, {"model": "TabiNyans.city", "pk": 983, "fields": {"prefecture": 21, "city": "Mizunami, Gifu"}}, {"model": "TabiNyans.city", "pk": 984, "fields": {"prefecture": 21, "city": "Hashima, Gifu"}}, {"model": "TabiNyans.city", "pk": 985, "fields": {"prefecture": 21, "city": "Ena, Gifu"}}, {"model": "TabiNyans.city", "pk": 986, "fields": {"prefecture": 21, "city": "Minokamo, Gifu"}}, {"model": "TabiNyans.city", "pk": 987, "fields": {"prefecture": 21, "city": "Toki, Gifu"}}, {"model": "TabiNyans.city", "pk": 988, "fields": {"prefecture": 21, "city": "Kakamigahara, Gifu"}}, {"model": "TabiNyans.city", "pk": 989, "fields": {"prefecture": 21, "city": "Kani, Gifu"}}, {"model": "TabiNyans.city", "pk": 990, "fields": {"prefecture": 21, "city": "Yamagata, Gifu"}}, {"model": "TabiNyans.city", "pk": 991, "fields": {"prefecture": 21, "city": "Mizuho, Gifu"}}, {"model": "TabiNyans.city", "pk": 992, "fields": {"prefecture": 21, "city": "Hida, Gifu"}}, {"model": "TabiNyans.city", "pk": 993, "fields": {"prefecture": 21, "city": "Motosu, Gifu"}}, {"model": "TabiNyans.city", "pk": 994, "fields": {"prefecture": 21, "city": "Gujo, Gifu"}}, {"model": "TabiNyans.city", "pk": 995, "fields": {"prefecture": 21, "city": "Gero, Gifu"}}, {"model": "TabiNyans.city", "pk": 996, "fields": {"prefecture": 21, "city": "Kaizu"}}, {"model": "TabiNyans.city", "pk": 997, "fields": {"prefecture": 21, "city": "Ginan, Gifu"}}, {"model": "TabiNyans.city", "pk": 998, "fields": {"prefecture": 21, "city": "Kasamatsu, Gifu"}}, {"model": "TabiNyans.city", "pk": 999, "fields": {"prefecture": 21, "city": "Yoro, Gifu"}}, {"model": "TabiNyans.city", "pk": 1000, "fields": {"prefecture": 21, "city": "Tarui, Gifu"}}, {"model": "TabiNyans.city", "pk": 1001, "fields": {"prefecture": 21, "city": "Sekigahara, Gifu"}}, {"model": "TabiNyans.city", "pk": 1002, "fields": {"prefecture": 21, "city": "Godo, Gifu"}}, {"model": "TabiNyans.city", "pk": 1003, "fields": {"prefecture": 21, "city": "Wanouchi, Gifu"}}, {"model": "TabiNyans.city", "pk": 1004, "fields": {"prefecture": 21, "city": "Anpachi, Gifu"}}, {"model": "TabiNyans.city", "pk": 1005, "fields": {"prefecture": 21, "city": "Ibigawa"}}, {"model": "TabiNyans.city", "pk": 1006, "fields": {"prefecture": 21, "city": "ono, Gifu"}}, {"model": "TabiNyans.city", "pk": 1007, "fields": {"prefecture": 21, "city": "Ikeda, Gifu"}}, {"model": "TabiNyans.city", "pk": 1008, "fields": {"prefecture": 21, "city": "Kitagata, Gifu"}}, {"model": "TabiNyans.city", "pk": 1009, "fields": {"prefecture": 21, "city": "Sakahogi, Gifu"}}, {"model": "TabiNyans.city", "pk": 1010, "fields": {"prefecture": 21, "city": "Tomika, Gifu"}}, {"model": "TabiNyans.city", "pk": 1011, "fields": {"prefecture": 21, "city": "Kawabe, Gifu"}}, {"model": "TabiNyans.city", "pk": 1012, "fields": {"prefecture": 21, "city": "Hichiso, Gifu"}}, {"model": "TabiNyans.city", "pk": 1013, "fields": {"prefecture": 21, "city": "Yaotsu, Gifu"}}, {"model": "TabiNyans.city", "pk": 1014, "fields": {"prefecture": 21, "city": "Shirakawa, Gifu (town)"}}, {"model": "TabiNyans.city", "pk": 1015, "fields": {"prefecture": 21, "city": "Higashishirakawa, Gifu"}}, {"model": "TabiNyans.city", "pk": 1016, "fields": {"prefecture": 21, "city": "Mitake, Gifu"}}, {"model": "TabiNyans.city", "pk": 1017, "fields": {"prefecture": 21, "city": "Shirakawa, Gifu (village)"}}, {"model": "TabiNyans.city", "pk": 1018, "fields": {"prefecture": 24, "city": "Tsu, Mie"}}, {"model": "TabiNyans.city", "pk": 1019, "fields": {"prefecture": 24, "city": "Yokkaichi"}}, {"model": "TabiNyans.city", "pk": 1020, "fields": {"prefecture": 24, "city": "Ise, Mie"}}, {"model": "TabiNyans.city", "pk": 1021, "fields": {"prefecture": 24, "city": "Matsusaka, Mie"}}, {"model": "TabiNyans.city", "pk": 1022, "fields": {"prefecture": 24, "city": "Kuwana, Mie"}}, {"model": "TabiNyans.city", "pk": 1023, "fields": {"prefecture": 24, "city": "Suzuka, Mie"}}, {"model": "TabiNyans.city", "pk": 1024, "fields": {"prefecture": 24, "city": "Nabari, Mie"}}, {"model": "TabiNyans.city", "pk": 1025, "fields": {"prefecture": 24, "city": "Owase, Mie"}}, {"model": "TabiNyans.city", "pk": 1026, "fields": {"prefecture": 24, "city": "Kameyama, Mie"}}, {"model": "TabiNyans.city", "pk": 1027, "fields": {"prefecture": 24, "city": "Toba, Mie"}}, {"model": "TabiNyans.city", "pk": 1028, "fields": {"prefecture": 24, "city": "Kumano, Mie"}}, {"model": "TabiNyans.city", "pk": 1029, "fields": {"prefecture": 24, "city": "Inabe, Mie"}}, {"model": "TabiNyans.city", "pk": 1030, "fields": {"prefecture": 24, "city": "Shima, Mie"}}, {"model": "TabiNyans.city", "pk": 1031, "fields": {"prefecture": 24, "city": "Iga, Mie"}}, {"model": "TabiNyans.city", "pk": 1032, "fields": {"prefecture": 24, "city": "Kisosaki, Mie"}}, {"model": "TabiNyans.city", "pk": 1033, "fields": {"prefecture": 24, "city": "Toin, Mie"}}, {"model": "TabiNyans.city", "pk": 1034, "fields": {"prefecture": 24, "city": "Komono, Mie"}}, {"model": "TabiNyans.city", "pk": 1035, "fields": {"prefecture": 24, "city": "Asahi, Mie"}}, {"model": "TabiNyans.city", "pk": 1036, "fields": {"prefecture": 24, "city": "Kawagoe, Mie"}}, {"model": "TabiNyans.city", "pk": 1037, "fields": {"prefecture": 24, "city": "Taki, Mie"}}, {"model": "TabiNyans.city", "pk": 1038, "fields": {"prefecture": 24, "city": "Meiwa, Mie"}}, {"model": "TabiNyans.city", "pk": 1039, "fields": {"prefecture": 24, "city": "odai, Mie"}}, {"model": "TabiNyans.city", "pk": 1040, "fields": {"prefecture": 24, "city": "Tamaki, Mie"}}, {"model": "TabiNyans.city", "pk": 1041, "fields": {"prefecture": 24, "city": "Watarai, Mie"}}, {"model": "TabiNyans.city", "pk": 1042, "fields": {"prefecture": 24, "city": "Taiki, Mie"}}, {"model": "TabiNyans.city", "pk": 1043, "fields": {"prefecture": 24, "city": "Minamiise, Mie"}}, {"model": "TabiNyans.city", "pk": 1044, "fields": {"prefecture": 24, "city": "Kihoku, Mie"}}, {"model": "TabiNyans.city", "pk": 1045, "fields": {"prefecture": 24, "city": "Mihama, Mie"}}, {"model": "TabiNyans.city", "pk": 1046, "fields": {"prefecture": 24, "city": "Kiho, Mie"}}, {"model": "TabiNyans.city", "pk": 1047, "fields": {"prefecture": 25, "city": "Otsu"}}, {"model": "TabiNyans.city", "pk": 1048, "fields": {"prefecture": 25, "city": "Hikone, Shiga"}}, {"model": "TabiNyans.city", "pk": 1049, "fields": {"prefecture": 25, "city": "Nagahama, Shiga"}}, {"model": "TabiNyans.city", "pk": 1050, "fields": {"prefecture": 25, "city": "omihachiman"}}, {"model": "TabiNyans.city", "pk": 1051, "fields": {"prefecture": 25, "city": "Kusatsu, Shiga"}}, {"model": "TabiNyans.city", "pk": 1052, "fields": {"prefecture": 25, "city": "Moriyama, Shiga"}}, {"model": "TabiNyans.city", "pk": 1053, "fields": {"prefecture": 25, "city": "Ritto, Shiga"}}, {"model": "TabiNyans.city", "pk": 1054, "fields": {"prefecture": 25, "city": "Koka, Shiga"}}, {"model": "TabiNyans.city", "pk": 1055, "fields": {"prefecture": 25, "city": "Yasu, Shiga"}}, {"model": "TabiNyans.city", "pk": 1056, "fields": {"prefecture": 25, "city": "Konan, Shiga"}}, {"model": "TabiNyans.city", "pk": 1057, "fields": {"prefecture": 25, "city": "Takashima, Shiga"}}, {"model": "TabiNyans.city", "pk": 1058, "fields": {"prefecture": 25, "city": "Higashiomi"}}, {"model": "TabiNyans.city", "pk": 1059, "fields": {"prefecture": 25, "city": "Maibara, Shiga"}}, {"model": "TabiNyans.city", "pk": 1060, "fields": {"prefecture": 25, "city": "Hino, Shiga"}}, {"model": "TabiNyans.city", "pk": 1061, "fields": {"prefecture": 25, "city": "Ryuo, Shiga"}}, {"model": "TabiNyans.city", "pk": 1062, "fields": {"prefecture": 25, "city": "Aisho, Shiga"}}, {"model": "TabiNyans.city", "pk": 1063, "fields": {"prefecture": 25, "city": "Toyosato, Shiga"}}, {"model": "TabiNyans.city", "pk": 1064, "fields": {"prefecture": 25, "city": "Kora, Shiga"}}, {"model": "TabiNyans.city", "pk": 1065, "fields": {"prefecture": 25, "city": "Taga, Shiga"}}, {"model": "TabiNyans.city", "pk": 1066, "fields": {"prefecture": 26, "city": "Kyoto"}}, {"model": "TabiNyans.city", "pk": 1067, "fields": {"prefecture": 26, "city": "Kita-ku, Kyoto"}}, {"model": "TabiNyans.city", "pk": 1068, "fields": {"prefecture": 26, "city": "Kamigyo-ku"}}, {"model": "TabiNyans.city", "pk": 1069, "fields": {"prefecture": 26, "city": "Sakyo-ku, Kyoto"}}, {"model": "TabiNyans.city", "pk": 1070, "fields": {"prefecture": 26, "city": "Nakagyo-ku, Kyoto"}}, {"model": "TabiNyans.city", "pk": 1071, "fields": {"prefecture": 26, "city": "Higashiyama-ku, Kyoto"}}, {"model": "TabiNyans.city", "pk": 1072, "fields": {"prefecture": 26, "city": "Shimogyo-ku, Kyoto"}}, {"model": "TabiNyans.city", "pk": 1073, "fields": {"prefecture": 26, "city": "Minami-ku, Kyoto"}}, {"model": "TabiNyans.city", "pk": 1074, "fields": {"prefecture": 26, "city": "Ukyo-ku, Kyoto"}}, {"model": "TabiNyans.city", "pk": 1075, "fields": {"prefecture": 26, "city": "Fushimi-ku, Kyoto"}}, {"model": "TabiNyans.city", "pk": 1076, "fields": {"prefecture": 26, "city": "Yamashina-ku, Kyoto"}}, {"model": "TabiNyans.city", "pk": 1077, "fields": {"prefecture": 26, "city": "Nishikyo-ku, Kyoto"}}, {"model": "TabiNyans.city", "pk": 1078, "fields": {"prefecture": 26, "city": "Fukuchiyama, Kyoto"}}, {"model": "TabiNyans.city", "pk": 1079, "fields": {"prefecture": 26, "city": "Maizuru"}}, {"model": "TabiNyans.city", "pk": 1080, "fields": {"prefecture": 26, "city": "Ayabe, Kyoto"}}, {"model": "TabiNyans.city", "pk": 1081, "fields": {"prefecture": 26, "city": "Uji"}}, {"model": "TabiNyans.city", "pk": 1082, "fields": {"prefecture": 26, "city": "Miyazu, Kyoto"}}, {"model": "TabiNyans.city", "pk": 1083, "fields": {"prefecture": 26, "city": "Kameoka, Kyoto"}}, {"model": "TabiNyans.city", "pk": 1084, "fields": {"prefecture": 26, "city": "Joyo, Kyoto"}}, {"model": "TabiNyans.city", "pk": 1085, "fields": {"prefecture": 26, "city": "Muko"}}, {"model": "TabiNyans.city", "pk": 1086, "fields": {"prefecture": 26, "city": "Nagaokakyo, Kyoto"}}, {"model": "TabiNyans.city", "pk": 1087, "fields": {"prefecture": 26, "city": "Yawata"}}, {"model": "TabiNyans.city", "pk": 1088, "fields": {"prefecture": 26, "city": "Kyotanabe, Kyoto"}}, {"model": "TabiNyans.city", "pk": 1089, "fields": {"prefecture": 26, "city": "Kyotango"}}, {"model": "TabiNyans.city", "pk": 1090, "fields": {"prefecture": 26, "city": "Nantan, Kyoto"}}, {"model": "TabiNyans.city", "pk": 1091, "fields": {"prefecture": 26, "city": "Kizugawa, Kyoto"}}, {"model": "TabiNyans.city", "pk": 1092, "fields": {"prefecture": 26, "city": "oyamazaki, Kyoto"}}, {"model": "TabiNyans.city", "pk": 1093, "fields": {"prefecture": 26, "city": "Kumiyama, Kyoto"}}, {"model": "TabiNyans.city", "pk": 1094, "fields": {"prefecture": 26, "city": "Ide, Kyoto"}}, {"model": "TabiNyans.city", "pk": 1095, "fields": {"prefecture": 26, "city": "Ujitawara"}}, {"model": "TabiNyans.city", "pk": 1096, "fields": {"prefecture": 26, "city": "Kasagi, Kyoto"}}, {"model": "TabiNyans.city", "pk": 1097, "fields": {"prefecture": 26, "city": "Wazuka, Kyoto"}}, {"model": "TabiNyans.city", "pk": 1098, "fields": {"prefecture": 26, "city": "Seika, Kyoto"}}, {"model": "TabiNyans.city", "pk": 1099, "fields": {"prefecture": 26, "city": "Minamiyamashiro, Kyoto"}}, {"model": "TabiNyans.city", "pk": 1100, "fields": {"prefecture": 26, "city": "Kyotamba, Kyoto"}}, {"model": "TabiNyans.city", "pk": 1101, "fields": {"prefecture": 26, "city": "Ine, Kyoto"}}, {"model": "TabiNyans.city", "pk": 1102, "fields": {"prefecture": 26, "city": "Yosano, Kyoto"}}, {"model": "TabiNyans.city", "pk": 1103, "fields": {"prefecture": 27, "city": "Osaka"}}, {"model": "TabiNyans.city", "pk": 1104, "fields": {"prefecture": 27, "city": "Miyakojima-ku, Osaka"}}, {"model": "TabiNyans.city", "pk": 1105, "fields": {"prefecture": 27, "city": "Fukushima-ku, Osaka"}}, {"model": "TabiNyans.city", "pk": 1106, "fields": {"prefecture": 27, "city": "Konohana-ku, Osaka"}}, {"model": "TabiNyans.city", "pk": 1107, "fields": {"prefecture": 27, "city": "Nishi-ku, Osaka"}}, {"model": "TabiNyans.city", "pk": 1108, "fields": {"prefecture": 27, "city": "Minato-ku, Osaka"}}, {"model": "TabiNyans.city", "pk": 1109, "fields": {"prefecture": 27, "city": "Taisho-ku, Osaka"}}, {"model": "TabiNyans.city", "pk": 1110, "fields": {"prefecture": 27, "city": "Tennoji-ku, Osaka"}}, {"model": "TabiNyans.city", "pk": 1111, "fields": {"prefecture": 27, "city": "Naniwa-ku, Osaka"}}, {"model": "TabiNyans.city", "pk": 1112, "fields": {"prefecture": 27, "city": "Nishiyodogawa-ku, Osaka"}}, {"model": "TabiNyans.city", "pk": 1113, "fields": {"prefecture": 27, "city": "Higashiyodogawa-ku, Osaka"}}, {"model": "TabiNyans.city", "pk": 1114, "fields": {"prefecture": 27, "city": "Higashinari-ku, Osaka"}}, {"model": "TabiNyans.city", "pk": 1115, "fields": {"prefecture": 27, "city": "Ikuno-ku, Osaka"}}, {"model": "TabiNyans.city", "pk": 1116, "fields": {"prefecture": 27, "city": "Asahi-ku, Osaka"}}, {"model": "TabiNyans.city", "pk": 1117, "fields": {"prefecture": 27, "city": "Joto-ku, Osaka"}}, {"model": "TabiNyans.city", "pk": 1118, "fields": {"prefecture": 27, "city": "Abeno-ku, Osaka"}}, {"model": "TabiNyans.city", "pk": 1119, "fields": {"prefecture": 27, "city": "Sumiyoshi-ku, Osaka"}}, {"model": "TabiNyans.city", "pk": 1120, "fields": {"prefecture": 27, "city": "Higashisumiyoshi-ku, Osaka"}}, {"model": "TabiNyans.city", "pk": 1121, "fields": {"prefecture": 27, "city": "Nishinari-ku, Osaka"}}, {"model": "TabiNyans.city", "pk": 1122, "fields": {"prefecture": 27, "city": "Yodogawa-ku, Osaka"}}, {"model": "TabiNyans.city", "pk": 1123, "fields": {"prefecture": 27, "city": "Tsurumi-ku, Osaka"}}, {"model": "TabiNyans.city", "pk": 1124, "fields": {"prefecture": 27, "city": "Suminoe-ku, Osaka"}}, {"model": "TabiNyans.city", "pk": 1125, "fields": {"prefecture": 27, "city": "Hirano-ku, Osaka"}}, {"model": "TabiNyans.city", "pk": 1126, "fields": {"prefecture": 27, "city": "Kita-ku, Osaka"}}, {"model": "TabiNyans.city", "pk": 1127, "fields": {"prefecture": 27, "city": "Chuo-ku, Osaka"}}, {"model": "TabiNyans.city", "pk": 1128, "fields": {"prefecture": 27, "city": "Sakai"}}, {"model": "TabiNyans.city", "pk": 1129, "fields": {"prefecture": 27, "city": "Sakai-ku, Sakai"}}, {"model": "TabiNyans.city", "pk": 1130, "fields": {"prefecture": 27, "city": "Naka-ku, Sakai"}}, {"model": "TabiNyans.city", "pk": 1131, "fields": {"prefecture": 27, "city": "Higashi-ku, Sakai"}}, {"model": "TabiNyans.city", "pk": 1132, "fields": {"prefecture": 27, "city": "Nishi-ku, Sakai"}}, {"model": "TabiNyans.city", "pk": 1133, "fields": {"prefecture": 27, "city": "Minami-ku, Sakai"}}, {"model": "TabiNyans.city", "pk": 1134, "fields": {"prefecture": 27, "city": "Kita-ku, Sakai"}}, {"model": "TabiNyans.city", "pk": 1135, "fields": {"prefecture": 27, "city": "Mihara-ku, Sakai"}}, {"model": "TabiNyans.city", "pk": 1136, "fields": {"prefecture": 27, "city": "Kishiwada, Osaka"}}, {"model": "TabiNyans.city", "pk": 1137, "fields": {"prefecture": 27, "city": "Toyonaka"}}, {"model": "TabiNyans.city", "pk": 1138, "fields": {"prefecture": 27, "city": "Ikeda, Osaka"}}, {"model": "TabiNyans.city", "pk": 1139, "fields": {"prefecture": 27, "city": "Suita"}}, {"model": "TabiNyans.city", "pk": 1140, "fields": {"prefecture": 27, "city": "Izumiotsu"}}, {"model": "TabiNyans.city", "pk": 1141, "fields": {"prefecture": 27, "city": "Takatsuki"}}, {"model": "TabiNyans.city", "pk": 1142, "fields": {"prefecture": 27, "city": "Kaizuka, Osaka"}}, {"model": "TabiNyans.city", "pk": 1143, "fields": {"prefecture": 27, "city": "Moriguchi, Osaka"}}, {"model": "TabiNyans.city", "pk": 1144, "fields": {"prefecture": 27, "city": "Hirakata"}}, {"model": "TabiNyans.city", "pk": 1145, "fields": {"prefecture": 27, "city": "Ibaraki, Osaka"}}, {"model": "TabiNyans.city", "pk": 1146, "fields": {"prefecture": 27, "city": "Yao, Osaka"}}, {"model": "TabiNyans.city", "pk": 1147, "fields": {"prefecture": 27, "city": "Izumisano, Osaka"}}, {"model": "TabiNyans.city", "pk": 1148, "fields": {"prefecture": 27, "city": "Tondabayashi, Osaka"}}, {"model": "TabiNyans.city", "pk": 1149, "fields": {"prefecture": 27, "city": "Neyagawa, Osaka"}}, {"model": "TabiNyans.city", "pk": 1150, "fields": {"prefecture": 27, "city": "Kawachinagano, Osaka"}}, {"model": "TabiNyans.city", "pk": 1151, "fields": {"prefecture": 27, "city": "Matsubara, Osaka"}}, {"model": "TabiNyans.city", "pk": 1152, "fields": {"prefecture": 27, "city": "Daito, Osaka"}}, {"model": "TabiNyans.city", "pk": 1153, "fields": {"prefecture": 27, "city": "Izumi, Osaka"}}, {"model": "TabiNyans.city", "pk": 1154, "fields": {"prefecture": 27, "city": "Minoh, Osaka"}}, {"model": "TabiNyans.city", "pk": 1155, "fields": {"prefecture": 27, "city": "Kashiwara, Osaka"}}, {"model": "TabiNyans.city", "pk": 1156, "fields": {"prefecture": 27, "city": "Habikino, Osaka"}}, {"model": "TabiNyans.city", "pk": 1157, "fields": {"prefecture": 27, "city": "Kadoma, Osaka"}}, {"model": "TabiNyans.city", "pk": 1158, "fields": {"prefecture": 27, "city": "Settsu, Osaka"}}, {"model": "TabiNyans.city", "pk": 1159, "fields": {"prefecture": 27, "city": "Takaishi, Osaka"}}, {"model": "TabiNyans.city", "pk": 1160, "fields": {"prefecture": 27, "city": "Fujiidera, Osaka"}}, {"model": "TabiNyans.city", "pk": 1161, "fields": {"prefecture": 27, "city": "Higashiosaka"}}, {"model": "TabiNyans.city", "pk": 1162, "fields": {"prefecture": 27, "city": "Sennan, Osaka"}}, {"model": "TabiNyans.city", "pk": 1163, "fields": {"prefecture": 27, "city": "Shijonawate, Osaka"}}, {"model": "TabiNyans.city", "pk": 1164, "fields": {"prefecture": 27, "city": "Katano, Osaka"}}, {"model": "TabiNyans.city", "pk": 1165, "fields": {"prefecture": 27, "city": "osakasayama, Osaka"}}, {"model": "TabiNyans.city", "pk": 1166, "fields": {"prefecture": 27, "city": "Hannan, Osaka"}}, {"model": "TabiNyans.city", "pk": 1167, "fields": {"prefecture": 27, "city": "Shimamoto, Osaka"}}, {"model": "TabiNyans.city", "pk": 1168, "fields": {"prefecture": 27, "city": "Toyono, Osaka"}}, {"model": "TabiNyans.city", "pk": 1169, "fields": {"prefecture": 27, "city": "Nose, Osaka"}}, {"model": "TabiNyans.city", "pk": 1170, "fields": {"prefecture": 27, "city": "Tadaoka, Osaka"}}, {"model": "TabiNyans.city", "pk": 1171, "fields": {"prefecture": 27, "city": "Kumatori, Osaka"}}, {"model": "TabiNyans.city", "pk": 1172, "fields": {"prefecture": 27, "city": "Tajiri, Osaka"}}, {"model": "TabiNyans.city", "pk": 1173, "fields": {"prefecture": 27, "city": "Misaki, Osaka"}}, {"model": "TabiNyans.city", "pk": 1174, "fields": {"prefecture": 27, "city": "Taishi, Osaka"}}, {"model": "TabiNyans.city", "pk": 1175, "fields": {"prefecture": 27, "city": "Kanan, Osaka"}}, {"model": "TabiNyans.city", "pk": 1176, "fields": {"prefecture": 27, "city": "Chihayaakasaka, Osaka"}}, {"model": "TabiNyans.city", "pk": 1177, "fields": {"prefecture": 28, "city": "Kobe"}}, {"model": "TabiNyans.city", "pk": 1178, "fields": {"prefecture": 28, "city": "Higashinada-ku, Kobe"}}, {"model": "TabiNyans.city", "pk": 1179, "fields": {"prefecture": 28, "city": "Nada-ku, Kobe"}}, {"model": "TabiNyans.city", "pk": 1180, "fields": {"prefecture": 28, "city": "Hyogo-ku, Kobe"}}, {"model": "TabiNyans.city", "pk": 1181, "fields": {"prefecture": 28, "city": "Nagata-ku, Kobe"}}, {"model": "TabiNyans.city", "pk": 1182, "fields": {"prefecture": 28, "city": "Suma-ku, Kobe"}}, {"model": "TabiNyans.city", "pk": 1183, "fields": {"prefecture": 28, "city": "Tarumi-ku, Kobe"}}, {"model": "TabiNyans.city", "pk": 1184, "fields": {"prefecture": 28, "city": "Kita-ku, Kobe"}}, {"model": "TabiNyans.city", "pk": 1185, "fields": {"prefecture": 28, "city": "Chuo-ku, Kobe"}}, {"model": "TabiNyans.city", "pk": 1186, "fields": {"prefecture": 28, "city": "Nishi-ku, Kobe"}}, {"model": "TabiNyans.city", "pk": 1187, "fields": {"prefecture": 28, "city": "Himeji"}}, {"model": "TabiNyans.city", "pk": 1188, "fields": {"prefecture": 28, "city": "Amagasaki"}}, {"model": "TabiNyans.city", "pk": 1189, "fields": {"prefecture": 28, "city": "Akashi, Hyogo"}}, {"model": "TabiNyans.city", "pk": 1190, "fields": {"prefecture": 28, "city": "Nishinomiya"}}, {"model": "TabiNyans.city", "pk": 1191, "fields": {"prefecture": 28, "city": "Sumoto, Hyogo"}}, {"model": "TabiNyans.city", "pk": 1192, "fields": {"prefecture": 28, "city": "Ashiya, Hyogo"}}, {"model": "TabiNyans.city", "pk": 1193, "fields": {"prefecture": 28, "city": "Itami, Hyogo"}}, {"model": "TabiNyans.city", "pk": 1194, "fields": {"prefecture": 28, "city": "Aioi, Hyogo"}}, {"model": "TabiNyans.city", "pk": 1195, "fields": {"prefecture": 28, "city": "Toyooka, Hyogo"}}, {"model": "TabiNyans.city", "pk": 1196, "fields": {"prefecture": 28, "city": "Kakogawa, Hyogo"}}, {"model": "TabiNyans.city", "pk": 1197, "fields": {"prefecture": 28, "city": "Ako, Hyogo"}}, {"model": "TabiNyans.city", "pk": 1198, "fields": {"prefecture": 28, "city": "Nishiwaki, Hyogo"}}, {"model": "TabiNyans.city", "pk": 1199, "fields": {"prefecture": 28, "city": "Takarazuka, Hyogo"}}, {"model": "TabiNyans.city", "pk": 1200, "fields": {"prefecture": 28, "city": "Miki, Hyogo"}}, {"model": "TabiNyans.city", "pk": 1201, "fields": {"prefecture": 28, "city": "Takasago, Hyogo"}}, {"model": "TabiNyans.city", "pk": 1202, "fields": {"prefecture": 28, "city": "Kawanishi, Hyogo"}}, {"model": "TabiNyans.city", "pk": 1203, "fields": {"prefecture": 28, "city": "Ono, Hyogo"}}, {"model": "TabiNyans.city", "pk": 1204, "fields": {"prefecture": 28, "city": "Sanda, Hyogo"}}, {"model": "TabiNyans.city", "pk": 1205, "fields": {"prefecture": 28, "city": "Kasai, Hyogo"}}, {"model": "TabiNyans.city", "pk": 1206, "fields": {"prefecture": 28, "city": "Tamba-Sasayama"}}, {"model": "TabiNyans.city", "pk": 1207, "fields": {"prefecture": 28, "city": "Yabu, Hyogo"}}, {"model": "TabiNyans.city", "pk": 1208, "fields": {"prefecture": 28, "city": "Tanba, Hyogo"}}, {"model": "TabiNyans.city", "pk": 1209, "fields": {"prefecture": 28, "city": "Minamiawaji"}}, {"model": "TabiNyans.city", "pk": 1210, "fields": {"prefecture": 28, "city": "Asago, Hyogo"}}, {"model": "TabiNyans.city", "pk": 1211, "fields": {"prefecture": 28, "city": "Awaji, Hyogo"}}, {"model": "TabiNyans.city", "pk": 1212, "fields": {"prefecture": 28, "city": "Shiso, Hyogo"}}, {"model": "TabiNyans.city", "pk": 1213, "fields": {"prefecture": 28, "city": "Kato, Hyogo"}}, {"model": "TabiNyans.city", "pk": 1214, "fields": {"prefecture": 28, "city": "Tatsuno, Hyogo"}}, {"model": "TabiNyans.city", "pk": 1215, "fields": {"prefecture": 28, "city": "Inagawa, Hyogo"}}, {"model": "TabiNyans.city", "pk": 1216, "fields": {"prefecture": 28, "city": "Taka, Hyogo"}}, {"model": "TabiNyans.city", "pk": 1217, "fields": {"prefecture": 28, "city": "Inami, Hyogo"}}, {"model": "TabiNyans.city", "pk": 1218, "fields": {"prefecture": 28, "city": "Harima, Hyogo"}}, {"model": "TabiNyans.city", "pk": 1219, "fields": {"prefecture": 28, "city": "Ichikawa, Hyogo"}}, {"model": "TabiNyans.city", "pk": 1220, "fields": {"prefecture": 28, "city": "Fukusaki, Hyogo"}}, {"model": "TabiNyans.city", "pk": 1221, "fields": {"prefecture": 28, "city": "Kamikawa, Hyogo"}}, {"model": "TabiNyans.city", "pk": 1222, "fields": {"prefecture": 28, "city": "Taishi, Hyogo"}}, {"model": "TabiNyans.city", "pk": 1223, "fields": {"prefecture": 28, "city": "Kamigori, Hyogo"}}, {"model": "TabiNyans.city", "pk": 1224, "fields": {"prefecture": 28, "city": "Sayo, Hyogo"}}, {"model": "TabiNyans.city", "pk": 1225, "fields": {"prefecture": 28, "city": "Kami, Hyogo (Mikata)"}}, {"model": "TabiNyans.city", "pk": 1226, "fields": {"prefecture": 28, "city": "Shin'onsen, Hyogo"}}, {"model": "TabiNyans.city", "pk": 1227, "fields": {"prefecture": 29, "city": "Nara, Nara"}}, {"model": "TabiNyans.city", "pk": 1228, "fields": {"prefecture": 29, "city": "Yamatotakada, Nara"}}, {"model": "TabiNyans.city", "pk": 1229, "fields": {"prefecture": 29, "city": "Yamatokoriyama"}}, {"model": "TabiNyans.city", "pk": 1230, "fields": {"prefecture": 29, "city": "Tenri, Nara"}}, {"model": "TabiNyans.city", "pk": 1231, "fields": {"prefecture": 29, "city": "Kashihara, Nara"}}, {"model": "TabiNyans.city", "pk": 1232, "fields": {"prefecture": 29, "city": "Sakurai, Nara"}}, {"model": "TabiNyans.city", "pk": 1233, "fields": {"prefecture": 29, "city": "Gojo, Nara"}}, {"model": "TabiNyans.city", "pk": 1234, "fields": {"prefecture": 29, "city": "Gose, Nara"}}, {"model": "TabiNyans.city", "pk": 1235, "fields": {"prefecture": 29, "city": "Ikoma, Nara"}}, {"model": "TabiNyans.city", "pk": 1236, "fields": {"prefecture": 29, "city": "Kashiba, Nara"}}, {"model": "TabiNyans.city", "pk": 1237, "fields": {"prefecture": 29, "city": "Katsuragi, Nara"}}, {"model": "TabiNyans.city", "pk": 1238, "fields": {"prefecture": 29, "city": "Uda, Nara"}}, {"model": "TabiNyans.city", "pk": 1239, "fields": {"prefecture": 29, "city": "Yamazoe, Nara"}}, {"model": "TabiNyans.city", "pk": 1240, "fields": {"prefecture": 29, "city": "Heguri, Nara"}}, {"model": "TabiNyans.city", "pk": 1241, "fields": {"prefecture": 29, "city": "Sango, Nara"}}, {"model": "TabiNyans.city", "pk": 1242, "fields": {"prefecture": 29, "city": "Ikaruga, Nara"}}, {"model": "TabiNyans.city", "pk": 1243, "fields": {"prefecture": 29, "city": "Ando, Nara"}}, {"model": "TabiNyans.city", "pk": 1244, "fields": {"prefecture": 29, "city": "Kawanishi, Nara"}}, {"model": "TabiNyans.city", "pk": 1245, "fields": {"prefecture": 29, "city": "Miyake, Nara"}}, {"model": "TabiNyans.city", "pk": 1246, "fields": {"prefecture": 29, "city": "Tawaramoto, Nara"}}, {"model": "TabiNyans.city", "pk": 1247, "fields": {"prefecture": 29, "city": "Soni, Nara"}}, {"model": "TabiNyans.city", "pk": 1248, "fields": {"prefecture": 29, "city": "Mitsue, Nara"}}, {"model": "TabiNyans.city", "pk": 1249, "fields": {"prefecture": 29, "city": "Takatori, Nara"}}, {"model": "TabiNyans.city", "pk": 1250, "fields": {"prefecture": 29, "city": "Asuka, Nara"}}, {"model": "TabiNyans.city", "pk": 1251, "fields": {"prefecture": 29, "city": "Kanmaki, Nara"}}, {"model": "TabiNyans.city", "pk": 1252, "fields": {"prefecture": 29, "city": "oji, Nara"}}, {"model": "TabiNyans.city", "pk": 1253, "fields": {"prefecture": 29, "city": "Koryo, Nara"}}, {"model": "TabiNyans.city", "pk": 1254, "fields": {"prefecture": 29, "city": "Kawai, Nara"}}, {"model": "TabiNyans.city", "pk": 1255, "fields": {"prefecture": 29, "city": "Yoshino, Nara"}}, {"model": "TabiNyans.city", "pk": 1256, "fields": {"prefecture": 29, "city": "oyodo, Nara"}}, {"model": "TabiNyans.city", "pk": 1257, "fields": {"prefecture": 29, "city": "Shimoichi, Nara"}}, {"model": "TabiNyans.city", "pk": 1258, "fields": {"prefecture": 29, "city": "Kurotaki, Nara"}}, {"model": "TabiNyans.city", "pk": 1259, "fields": {"prefecture": 29, "city": "Tenkawa, Nara"}}, {"model": "TabiNyans.city", "pk": 1260, "fields": {"prefecture": 29, "city": "Nosegawa, Nara"}}, {"model": "TabiNyans.city", "pk": 1261, "fields": {"prefecture": 29, "city": "Totsukawa"}}, {"model": "TabiNyans.city", "pk": 1262, "fields": {"prefecture": 29, "city": "Shimokitayama, Nara"}}, {"model": "TabiNyans.city", "pk": 1263, "fields": {"prefecture": 29, "city": "Kamikitayama, Nara"}}, {"model": "TabiNyans.city", "pk": 1264, "fields": {"prefecture": 29, "city": "Kawakami, Nara"}}, {"model": "TabiNyans.city", "pk": 1265, "fields": {"prefecture": 29, "city": "Higashiyoshino, Nara"}}, {"model": "TabiNyans.city", "pk": 1266, "fields": {"prefecture": 30, "city": "Wakayama (city)"}}, {"model": "TabiNyans.city", "pk": 1267, "fields": {"prefecture": 30, "city": "Kainan, Wakayama"}}, {"model": "TabiNyans.city", "pk": 1268, "fields": {"prefecture": 30, "city": "Hashimoto, Wakayama"}}, {"model": "TabiNyans.city", "pk": 1269, "fields": {"prefecture": 30, "city": "Arida, Wakayama"}}, {"model": "TabiNyans.city", "pk": 1270, "fields": {"prefecture": 30, "city": "Gobo, Wakayama"}}, {"model": "TabiNyans.city", "pk": 1271, "fields": {"prefecture": 30, "city": "Tanabe, Wakayama"}}, {"model": "TabiNyans.city", "pk": 1272, "fields": {"prefecture": 30, "city": "Shingu, Wakayama"}}, {"model": "TabiNyans.city", "pk": 1273, "fields": {"prefecture": 30, "city": "Kinokawa, Wakayama"}}, {"model": "TabiNyans.city", "pk": 1274, "fields": {"prefecture": 30, "city": "Iwade, Wakayama"}}, {"model": "TabiNyans.city", "pk": 1275, "fields": {"prefecture": 30, "city": "Kimino, Wakayama"}}, {"model": "TabiNyans.city", "pk": 1276, "fields": {"prefecture": 30, "city": "Katsuragi, Wakayama"}}, {"model": "TabiNyans.city", "pk": 1277, "fields": {"prefecture": 30, "city": "Kudoyama, Wakayama"}}, {"model": "TabiNyans.city", "pk": 1278, "fields": {"prefecture": 30, "city": "Koya, Wakayama"}}, {"model": "TabiNyans.city", "pk": 1279, "fields": {"prefecture": 30, "city": "Yuasa, Wakayama"}}, {"model": "TabiNyans.city", "pk": 1280, "fields": {"prefecture": 30, "city": "Hirogawa, Wakayama"}}, {"model": "TabiNyans.city", "pk": 1281, "fields": {"prefecture": 30, "city": "Aridagawa, Wakayama"}}, {"model": "TabiNyans.city", "pk": 1282, "fields": {"prefecture": 30, "city": "Mihama, Wakayama"}}, {"model": "TabiNyans.city", "pk": 1283, "fields": {"prefecture": 30, "city": "Hidaka, Wakayama"}}, {"model": "TabiNyans.city", "pk": 1284, "fields": {"prefecture": 30, "city": "Yura, Wakayama"}}, {"model": "TabiNyans.city", "pk": 1285, "fields": {"prefecture": 30, "city": "Inami, Wakayama"}}, {"model": "TabiNyans.city", "pk": 1286, "fields": {"prefecture": 30, "city": "Minabe, Wakayama"}}, {"model": "TabiNyans.city", "pk": 1287, "fields": {"prefecture": 30, "city": "Hidakagawa, Wakayama"}}, {"model": "TabiNyans.city", "pk": 1288, "fields": {"prefecture": 30, "city": "Shirahama, Wakayama"}}, {"model": "TabiNyans.city", "pk": 1289, "fields": {"prefecture": 30, "city": "Kamitonda, Wakayama"}}, {"model": "TabiNyans.city", "pk": 1290, "fields": {"prefecture": 30, "city": "Susami, Wakayama"}}, {"model": "TabiNyans.city", "pk": 1291, "fields": {"prefecture": 30, "city": "Nachikatsuura"}}, {"model": "TabiNyans.city", "pk": 1292, "fields": {"prefecture": 30, "city": "Taiji, Wakayama"}}, {"model": "TabiNyans.city", "pk": 1293, "fields": {"prefecture": 30, "city": "Kozagawa, Wakayama"}}, {"model": "TabiNyans.city", "pk": 1294, "fields": {"prefecture": 30, "city": "Kitayama, Wakayama"}}, {"model": "TabiNyans.city", "pk": 1295, "fields": {"prefecture": 30, "city": "Kushimoto, Wakayama"}}, {"model": "TabiNyans.city", "pk": 1296, "fields": {"prefecture": 31, "city": "Tottori (city)"}}, {"model": "TabiNyans.city", "pk": 1297, "fields": {"prefecture": 31, "city": "Yonago, Tottori"}}, {"model": "TabiNyans.city", "pk": 1298, "fields": {"prefecture": 31, "city": "Kurayoshi, Tottori"}}, {"model": "TabiNyans.city", "pk": 1299, "fields": {"prefecture": 31, "city": "Sakaiminato, Tottori"}}, {"model": "TabiNyans.city", "pk": 1300, "fields": {"prefecture": 31, "city": "Iwami, Tottori"}}, {"model": "TabiNyans.city", "pk": 1301, "fields": {"prefecture": 31, "city": "Wakasa, Tottori"}}, {"model": "TabiNyans.city", "pk": 1302, "fields": {"prefecture": 31, "city": "Chizu, Tottori"}}, {"model": "TabiNyans.city", "pk": 1303, "fields": {"prefecture": 31, "city": "Yazu, Tottori"}}, {"model": "TabiNyans.city", "pk": 1304, "fields": {"prefecture": 31, "city": "Misasa, Tottori"}}, {"model": "TabiNyans.city", "pk": 1305, "fields": {"prefecture": 31, "city": "Yurihama, Tottori"}}, {"model": "TabiNyans.city", "pk": 1306, "fields": {"prefecture": 31, "city": "Kotoura, Tottori"}}, {"model": "TabiNyans.city", "pk": 1307, "fields": {"prefecture": 31, "city": "Hokuei, Tottori"}}, {"model": "TabiNyans.city", "pk": 1308, "fields": {"prefecture": 31, "city": "Hiezu, Tottori"}}, {"model": "TabiNyans.city", "pk": 1309, "fields": {"prefecture": 31, "city": "Daisen, Tottori"}}, {"model": "TabiNyans.city", "pk": 1310, "fields": {"prefecture": 31, "city": "Nanbu, Tottori"}}, {"model": "TabiNyans.city", "pk": 1311, "fields": {"prefecture": 31, "city": "Hoki, Tottori"}}, {"model": "TabiNyans.city", "pk": 1312, "fields": {"prefecture": 31, "city": "Nichinan, Tottori"}}, {"model": "TabiNyans.city", "pk": 1313, "fields": {"prefecture": 31, "city": "Hino, Tottori"}}, {"model": "TabiNyans.city", "pk": 1314, "fields": {"prefecture": 31, "city": "Kofu, Tottori"}}, {"model": "TabiNyans.city", "pk": 1315, "fields": {"prefecture": 32, "city": "Matsue"}}, {"model": "TabiNyans.city", "pk": 1316, "fields": {"prefecture": 32, "city": "Hamada, Shimane"}}, {"model": "TabiNyans.city", "pk": 1317, "fields": {"prefecture": 32, "city": "Izumo, Shimane"}}, {"model": "TabiNyans.city", "pk": 1318, "fields": {"prefecture": 32, "city": "Masuda, Shimane"}}, {"model": "TabiNyans.city", "pk": 1319, "fields": {"prefecture": 32, "city": "oda, Shimane"}}, {"model": "TabiNyans.city", "pk": 1320, "fields": {"prefecture": 32, "city": "Yasugi, Shimane"}}, {"model": "TabiNyans.city", "pk": 1321, "fields": {"prefecture": 32, "city": "Gotsu, Shimane"}}, {"model": "TabiNyans.city", "pk": 1322, "fields": {"prefecture": 32, "city": "Unnan, Shimane"}}, {"model": "TabiNyans.city", "pk": 1323, "fields": {"prefecture": 32, "city": "Okuizumo, Shimane"}}, {"model": "TabiNyans.city", "pk": 1324, "fields": {"prefecture": 32, "city": "Iinan, Shimane"}}, {"model": "TabiNyans.city", "pk": 1325, "fields": {"prefecture": 32, "city": "Kawamoto, Shimane"}}, {"model": "TabiNyans.city", "pk": 1326, "fields": {"prefecture": 32, "city": "Misato, Shimane"}}, {"model": "TabiNyans.city", "pk": 1327, "fields": {"prefecture": 32, "city": "onan, Shimane"}}, {"model": "TabiNyans.city", "pk": 1328, "fields": {"prefecture": 32, "city": "Tsuwano, Shimane"}}, {"model": "TabiNyans.city", "pk": 1329, "fields": {"prefecture": 32, "city": "Yoshika, Shimane"}}, {"model": "TabiNyans.city", "pk": 1330, "fields": {"prefecture": 32, "city": "Ama, Shimane"}}, {"model": "TabiNyans.city", "pk": 1331, "fields": {"prefecture": 32, "city": "Nishinoshima, Shimane"}}, {"model": "TabiNyans.city", "pk": 1332, "fields": {"prefecture": 32, "city": "Chibu, Shimane"}}, {"model": "TabiNyans.city", "pk": 1333, "fields": {"prefecture": 32, "city": "Okinoshima, Shimane"}}, {"model": "TabiNyans.city", "pk": 1334, "fields": {"prefecture": 33, "city": "Okayama"}}, {"model": "TabiNyans.city", "pk": 1335, "fields": {"prefecture": 33, "city": "Kita-ku, Okayama"}}, {"model": "TabiNyans.city", "pk": 1336, "fields": {"prefecture": 33, "city": "Naka-ku, Okayama"}}, {"model": "TabiNyans.city", "pk": 1337, "fields": {"prefecture": 33, "city": "Higashi-ku, Okayama"}}, {"model": "TabiNyans.city", "pk": 1338, "fields": {"prefecture": 33, "city": "Minami-ku, Okayama"}}, {"model": "TabiNyans.city", "pk": 1339, "fields": {"prefecture": 33, "city": "Kurashiki"}}, {"model": "TabiNyans.city", "pk": 1340, "fields": {"prefecture": 33, "city": "Tsuyama"}}, {"model": "TabiNyans.city", "pk": 1341, "fields": {"prefecture": 33, "city": "Tamano"}}, {"model": "TabiNyans.city", "pk": 1342, "fields": {"prefecture": 33, "city": "Kasaoka"}}, {"model": "TabiNyans.city", "pk": 1343, "fields": {"prefecture": 33, "city": "Ibara"}}, {"model": "TabiNyans.city", "pk": 1344, "fields": {"prefecture": 33, "city": "Soja"}}, {"model": "TabiNyans.city", "pk": 1345, "fields": {"prefecture": 33, "city": "Takahashi, Okayama"}}, {"model": "TabiNyans.city", "pk": 1346, "fields": {"prefecture": 33, "city": "Niimi"}}, {"model": "TabiNyans.city", "pk": 1347, "fields": {"prefecture": 33, "city": "Bizen, Okayama"}}, {"model": "TabiNyans.city", "pk": 1348, "fields": {"prefecture": 33, "city": "Setouchi, Okayama"}}, {"model": "TabiNyans.city", "pk": 1349, "fields": {"prefecture": 33, "city": "Akaiwa"}}, {"model": "TabiNyans.city", "pk": 1350, "fields": {"prefecture": 33, "city": "Maniwa"}}, {"model": "TabiNyans.city", "pk": 1351, "fields": {"prefecture": 33, "city": "Mimasaka, Okayama"}}, {"model": "TabiNyans.city", "pk": 1352, "fields": {"prefecture": 33, "city": "Asakuchi"}}, {"model": "TabiNyans.city", "pk": 1353, "fields": {"prefecture": 33, "city": "Wake, Okayama"}}, {"model": "TabiNyans.city", "pk": 1354, "fields": {"prefecture": 33, "city": "Hayashima"}}, {"model": "TabiNyans.city", "pk": 1355, "fields": {"prefecture": 33, "city": "Satosho"}}, {"model": "TabiNyans.city", "pk": 1356, "fields": {"prefecture": 33, "city": "Yakage, Okayama"}}, {"model": "TabiNyans.city", "pk": 1357, "fields": {"prefecture": 33, "city": "Shinjo, Okayama"}}, {"model": "TabiNyans.city", "pk": 1358, "fields": {"prefecture": 33, "city": "Kagamino"}}, {"model": "TabiNyans.city", "pk": 1359, "fields": {"prefecture": 33, "city": "Shoo"}}, {"model": "TabiNyans.city", "pk": 1360, "fields": {"prefecture": 33, "city": "Nagi, Okayama"}}, {"model": "TabiNyans.city", "pk": 1361, "fields": {"prefecture": 33, "city": "Nishiawakura"}}, {"model": "TabiNyans.city", "pk": 1362, "fields": {"prefecture": 33, "city": "Kumenan"}}, {"model": "TabiNyans.city", "pk": 1363, "fields": {"prefecture": 33, "city": "Misaki, Okayama"}}, {"model": "TabiNyans.city", "pk": 1364, "fields": {"prefecture": 33, "city": "Kibichuo"}}, {"model": "TabiNyans.city", "pk": 1365, "fields": {"prefecture": 34, "city": "Hiroshima"}}, {"model": "TabiNyans.city", "pk": 1366, "fields": {"prefecture": 34, "city": "Naka-ku, Hiroshima"}}, {"model": "TabiNyans.city", "pk": 1367, "fields": {"prefecture": 34, "city": "Higashi-ku, Hiroshima"}}, {"model": "TabiNyans.city", "pk": 1368, "fields": {"prefecture": 34, "city": "Minami-ku, Hiroshima"}}, {"model": "TabiNyans.city", "pk": 1369, "fields": {"prefecture": 34, "city": "Nishi-ku, Hiroshima"}}, {"model": "TabiNyans.city", "pk": 1370, "fields": {"prefecture": 34, "city": "Asaminami-ku, Hiroshima"}}, {"model": "TabiNyans.city", "pk": 1371, "fields": {"prefecture": 34, "city": "Asakita-ku, Hiroshima"}}, {"model": "TabiNyans.city", "pk": 1372, "fields": {"prefecture": 34, "city": "Aki-ku, Hiroshima"}}, {"model": "TabiNyans.city", "pk": 1373, "fields": {"prefecture": 34, "city": "Saeki-ku, Hiroshima"}}, {"model": "TabiNyans.city", "pk": 1374, "fields": {"prefecture": 34, "city": "Kure, Hiroshima"}}, {"model": "TabiNyans.city", "pk": 1375, "fields": {"prefecture": 34, "city": "Takehara, Hiroshima"}}, {"model": "TabiNyans.city", "pk": 1376, "fields": {"prefecture": 34, "city": "Mihara, Hiroshima"}}, {"model": "TabiNyans.city", "pk": 1377, "fields": {"prefecture": 34, "city": "Onomichi, Hiroshima"}}, {"model": "TabiNyans.city", "pk": 1378, "fields": {"prefecture": 34, "city": "Fukuyama, Hiroshima"}}, {"model": "TabiNyans.city", "pk": 1379, "fields": {"prefecture": 34, "city": "Fuchu, Hiroshima"}}, {"model": "TabiNyans.city", "pk": 1380, "fields": {"prefecture": 34, "city": "Miyoshi, Hiroshima"}}, {"model": "TabiNyans.city", "pk": 1381, "fields": {"prefecture": 34, "city": "Shobara, Hiroshima"}}, {"model": "TabiNyans.city", "pk": 1382, "fields": {"prefecture": 34, "city": "otake, Hiroshima"}}, {"model": "TabiNyans.city", "pk": 1383, "fields": {"prefecture": 34, "city": "Higashihiroshima"}}, {"model": "TabiNyans.city", "pk": 1384, "fields": {"prefecture": 34, "city": "Hatsukaichi, Hiroshima"}}, {"model": "TabiNyans.city", "pk": 1385, "fields": {"prefecture": 34, "city": "Akitakata, Hiroshima"}}, {"model": "TabiNyans.city", "pk": 1386, "fields": {"prefecture": 34, "city": "Etajima, Hiroshima"}}, {"model": "TabiNyans.city", "pk": 1387, "fields": {"prefecture": 34, "city": "Fuchu, Hiroshima (town)"}}, {"model": "TabiNyans.city", "pk": 1388, "fields": {"prefecture": 34, "city": "Kaita, Hiroshima"}}, {"model": "TabiNyans.city", "pk": 1389, "fields": {"prefecture": 34, "city": "Kumano, Hiroshima"}}, {"model": "TabiNyans.city", "pk": 1390, "fields": {"prefecture": 34, "city": "Saka, Hiroshima"}}, {"model": "TabiNyans.city", "pk": 1391, "fields": {"prefecture": 34, "city": "Akiota, Hiroshima"}}, {"model": "TabiNyans.city", "pk": 1392, "fields": {"prefecture": 34, "city": "Kitahiroshima, Hiroshima"}}, {"model": "TabiNyans.city", "pk": 1393, "fields": {"prefecture": 34, "city": "osakikamijima, Hiroshima"}}, {"model": "TabiNyans.city", "pk": 1394, "fields": {"prefecture": 34, "city": "Sera, Hiroshima"}}, {"model": "TabiNyans.city", "pk": 1395, "fields": {"prefecture": 34, "city": "Jinsekikogen, Hiroshima"}}, {"model": "TabiNyans.city", "pk": 1396, "fields": {"prefecture": 35, "city": "Shimonoseki"}}, {"model": "TabiNyans.city", "pk": 1397, "fields": {"prefecture": 35, "city": "Ube, Yamaguchi"}}, {"model": "TabiNyans.city", "pk": 1398, "fields": {"prefecture": 35, "city": "Yamaguchi (city)"}}, {"model": "TabiNyans.city", "pk": 1399, "fields": {"prefecture": 35, "city": "Hagi, Yamaguchi"}}, {"model": "TabiNyans.city", "pk": 1400, "fields": {"prefecture": 35, "city": "Hofu"}}, {"model": "TabiNyans.city", "pk": 1401, "fields": {"prefecture": 35, "city": "Kudamatsu"}}, {"model": "TabiNyans.city", "pk": 1402, "fields": {"prefecture": 35, "city": "Iwakuni"}}, {"model": "TabiNyans.city", "pk": 1403, "fields": {"prefecture": 35, "city": "Hikari, Yamaguchi"}}, {"model": "TabiNyans.city", "pk": 1404, "fields": {"prefecture": 35, "city": "Nagato, Yamaguchi"}}, {"model": "TabiNyans.city", "pk": 1405, "fields": {"prefecture": 35, "city": "Yanai, Yamaguchi"}}, {"model": "TabiNyans.city", "pk": 1406, "fields": {"prefecture": 35, "city": "Mine, Yamaguchi"}}, {"model": "TabiNyans.city", "pk": 1407, "fields": {"prefecture": 35, "city": "Shunan"}}, {"model": "TabiNyans.city", "pk": 1408, "fields": {"prefecture": 35, "city": "San'yo-Onoda"}}, {"model": "TabiNyans.city", "pk": 1409, "fields": {"prefecture": 35, "city": "Suo-oshima"}}, {"model": "TabiNyans.city", "pk": 1410, "fields": {"prefecture": 35, "city": "Waki, Yamaguchi"}}, {"model": "TabiNyans.city", "pk": 1411, "fields": {"prefecture": 35, "city": "Kaminoseki"}}, {"model": "TabiNyans.city", "pk": 1412, "fields": {"prefecture": 35, "city": "Tabuse"}}, {"model": "TabiNyans.city", "pk": 1413, "fields": {"prefecture": 35, "city": "Hirao"}}, {"model": "TabiNyans.city", "pk": 1414, "fields": {"prefecture": 35, "city": "Abu, Yamaguchi"}}, {"model": "TabiNyans.city", "pk": 1415, "fields": {"prefecture": 36, "city": "Tokushima (city)"}}, {"model": "TabiNyans.city", "pk": 1416, "fields": {"prefecture": 36, "city": "Naruto, Tokushima"}}, {"model": "TabiNyans.city", "pk": 1417, "fields": {"prefecture": 36, "city": "Komatsushima, Tokushima"}}, {"model": "TabiNyans.city", "pk": 1418, "fields": {"prefecture": 36, "city": "Anan, Tokushima"}}, {"model": "TabiNyans.city", "pk": 1419, "fields": {"prefecture": 36, "city": "Yoshinogawa, Tokushima"}}, {"model": "TabiNyans.city", "pk": 1420, "fields": {"prefecture": 36, "city": "Awa, Tokushima"}}, {"model": "TabiNyans.city", "pk": 1421, "fields": {"prefecture": 36, "city": "Mima, Tokushima"}}, {"model": "TabiNyans.city", "pk": 1422, "fields": {"prefecture": 36, "city": "Miyoshi, Tokushima"}}, {"model": "TabiNyans.city", "pk": 1423, "fields": {"prefecture": 36, "city": "Katsuura, Tokushima"}}, {"model": "TabiNyans.city", "pk": 1424, "fields": {"prefecture": 36, "city": "Kamikatsu, Tokushima"}}, {"model": "TabiNyans.city", "pk": 1425, "fields": {"prefecture": 36, "city": "Sanagochi, Tokushima"}}, {"model": "TabiNyans.city", "pk": 1426, "fields": {"prefecture": 36, "city": "Ishii, Tokushima"}}, {"model": "TabiNyans.city", "pk": 1427, "fields": {"prefecture": 36, "city": "Kamiyama, Tokushima"}}, {"model": "TabiNyans.city", "pk": 1428, "fields": {"prefecture": 36, "city": "Naka, Tokushima"}}, {"model": "TabiNyans.city", "pk": 1429, "fields": {"prefecture": 36, "city": "Mugi, Tokushima"}}, {"model": "TabiNyans.city", "pk": 1430, "fields": {"prefecture": 36, "city": "Minami, Tokushima"}}, {"model": "TabiNyans.city", "pk": 1431, "fields": {"prefecture": 36, "city": "Kaiyo, Tokushima"}}, {"model": "TabiNyans.city", "pk": 1432, "fields": {"prefecture": 36, "city": "Matsushige, Tokushima"}}, {"model": "TabiNyans.city", "pk": 1433, "fields": {"prefecture": 36, "city": "Kitajima, Tokushima"}}, {"model": "TabiNyans.city", "pk": 1434, "fields": {"prefecture": 36, "city": "Aizumi, Tokushima"}}, {"model": "TabiNyans.city", "pk": 1435, "fields": {"prefecture": 36, "city": "Itano, Tokushima"}}, {"model": "TabiNyans.city", "pk": 1436, "fields": {"prefecture": 36, "city": "Kamiita, Tokushima"}}, {"model": "TabiNyans.city", "pk": 1437, "fields": {"prefecture": 36, "city": "Tsurugi, Tokushima"}}, {"model": "TabiNyans.city", "pk": 1438, "fields": {"prefecture": 36, "city": "Higashimiyoshi"}}, {"model": "TabiNyans.city", "pk": 1439, "fields": {"prefecture": 37, "city": "Takamatsu, Kagawa"}}, {"model": "TabiNyans.city", "pk": 1440, "fields": {"prefecture": 37, "city": "Marugame, Kagawa"}}, {"model": "TabiNyans.city", "pk": 1441, "fields": {"prefecture": 37, "city": "Sakaide, Kagawa"}}, {"model": "TabiNyans.city", "pk": 1442, "fields": {"prefecture": 37, "city": "Zentsuji, Kagawa"}}, {"model": "TabiNyans.city", "pk": 1443, "fields": {"prefecture": 37, "city": "Kan'onji, Kagawa"}}, {"model": "TabiNyans.city", "pk": 1444, "fields": {"prefecture": 37, "city": "Sanuki, Kagawa"}}, {"model": "TabiNyans.city", "pk": 1445, "fields": {"prefecture": 37, "city": "Higashikagawa, Kagawa"}}, {"model": "TabiNyans.city", "pk": 1446, "fields": {"prefecture": 37, "city": "Mitoyo, Kagawa"}}, {"model": "TabiNyans.city", "pk": 1447, "fields": {"prefecture": 37, "city": "Tonosho, Kagawa"}}, {"model": "TabiNyans.city", "pk": 1448, "fields": {"prefecture": 37, "city": "Shodoshima, Kagawa"}}, {"model": "TabiNyans.city", "pk": 1449, "fields": {"prefecture": 37, "city": "Miki, Kagawa"}}, {"model": "TabiNyans.city", "pk": 1450, "fields": {"prefecture": 37, "city": "Naoshima, Kagawa"}}, {"model": "TabiNyans.city", "pk": 1451, "fields": {"prefecture": 37, "city": "Utazu"}}, {"model": "TabiNyans.city", "pk": 1452, "fields": {"prefecture": 37, "city": "Ayagawa, Kagawa"}}, {"model": "TabiNyans.city", "pk": 1453, "fields": {"prefecture": 37, "city": "Kotohira, Kagawa"}}, {"model": "TabiNyans.city", "pk": 1454, "fields": {"prefecture": 37, "city": "Tadotsu, Kagawa"}}, {"model": "TabiNyans.city", "pk": 1455, "fields": {"prefecture": 37, "city": "Manno, Kagawa"}}, {"model": "TabiNyans.city", "pk": 1456, "fields": {"prefecture": 38, "city": "Matsuyama"}}, {"model": "TabiNyans.city", "pk": 1457, "fields": {"prefecture": 38, "city": "Imabari, Ehime"}}, {"model": "TabiNyans.city", "pk": 1458, "fields": {"prefecture": 38, "city": "Uwajima, Ehime"}}, {"model": "TabiNyans.city", "pk": 1459, "fields": {"prefecture": 38, "city": "Yawatahama, Ehime"}}, {"model": "TabiNyans.city", "pk": 1460, "fields": {"prefecture": 38, "city": "Niihama, Ehime"}}, {"model": "TabiNyans.city", "pk": 1461, "fields": {"prefecture": 38, "city": "Saijo, Ehime"}}, {"model": "TabiNyans.city", "pk": 1462, "fields": {"prefecture": 38, "city": "Ozu, Ehime"}}, {"model": "TabiNyans.city", "pk": 1463, "fields": {"prefecture": 38, "city": "Iyo, Ehime"}}, {"model": "TabiNyans.city", "pk": 1464, "fields": {"prefecture": 38, "city": "Shikokuchuo"}}, {"model": "TabiNyans.city", "pk": 1465, "fields": {"prefecture": 38, "city": "Seiyo, Ehime"}}, {"model": "TabiNyans.city", "pk": 1466, "fields": {"prefecture": 38, "city": "Toon, Ehime"}}, {"model": "TabiNyans.city", "pk": 1467, "fields": {"prefecture": 38, "city": "Kamijima, Ehime"}}, {"model": "TabiNyans.city", "pk": 1468, "fields": {"prefecture": 38, "city": "Kumakogen, Ehime"}}, {"model": "TabiNyans.city", "pk": 1469, "fields": {"prefecture": 38, "city": "Masaki, Ehime"}}, {"model": "TabiNyans.city", "pk": 1470, "fields": {"prefecture": 38, "city": "Tobe, Ehime"}}, {"model": "TabiNyans.city", "pk": 1471, "fields": {"prefecture": 38, "city": "Uchiko, Ehime"}}, {"model": "TabiNyans.city", "pk": 1472, "fields": {"prefecture": 38, "city": "Ikata"}}, {"model": "TabiNyans.city", "pk": 1473, "fields": {"prefecture": 38, "city": "Matsuno, Ehime"}}, {"model": "TabiNyans.city", "pk": 1474, "fields": {"prefecture": 38, "city": "Kihoku, Ehime"}}, {"model": "TabiNyans.city", "pk": 1475, "fields": {"prefecture": 38, "city": "Ainan, Ehime"}}, {"model": "TabiNyans.city", "pk": 1476, "fields": {"prefecture": 39, "city": "Kochi, Kochi"}}, {"model": "TabiNyans.city", "pk": 1477, "fields": {"prefecture": 39, "city": "Muroto, Kochi"}}, {"model": "TabiNyans.city", "pk": 1478, "fields": {"prefecture": 39, "city": "Aki, Kochi"}}, {"model": "TabiNyans.city", "pk": 1479, "fields": {"prefecture": 39, "city": "Nankoku, Kochi"}}, {"model": "TabiNyans.city", "pk": 1480, "fields": {"prefecture": 39, "city": "Tosa, Kochi"}}, {"model": "TabiNyans.city", "pk": 1481, "fields": {"prefecture": 39, "city": "Susaki, Kochi"}}, {"model": "TabiNyans.city", "pk": 1482, "fields": {"prefecture": 39, "city": "Sukumo, Kochi"}}, {"model": "TabiNyans.city", "pk": 1483, "fields": {"prefecture": 39, "city": "Tosashimizu, Kochi"}}, {"model": "TabiNyans.city", "pk": 1484, "fields": {"prefecture": 39, "city": "Shimanto, Kochi (city)"}}, {"model": "TabiNyans.city", "pk": 1485, "fields": {"prefecture": 39, "city": "Konan, Kochi"}}, {"model": "TabiNyans.city", "pk": 1486, "fields": {"prefecture": 39, "city": "Kami, Kochi"}}, {"model": "TabiNyans.city", "pk": 1487, "fields": {"prefecture": 39, "city": "Toyo, Kochi"}}, {"model": "TabiNyans.city", "pk": 1488, "fields": {"prefecture": 39, "city": "Nahari, Kochi"}}, {"model": "TabiNyans.city", "pk": 1489, "fields": {"prefecture": 39, "city": "Tano, Kochi"}}, {"model": "TabiNyans.city", "pk": 1490, "fields": {"prefecture": 39, "city": "Yasuda, Kochi"}}, {"model": "TabiNyans.city", "pk": 1491, "fields": {"prefecture": 39, "city": "Kitagawa, Kochi"}}, {"model": "TabiNyans.city", "pk": 1492, "fields": {"prefecture": 39, "city": "Umaji, Kochi"}}, {"model": "TabiNyans.city", "pk": 1493, "fields": {"prefecture": 39, "city": "Geisei, Kochi"}}, {"model": "TabiNyans.city", "pk": 1494, "fields": {"prefecture": 39, "city": "Motoyama, Kochi"}}, {"model": "TabiNyans.city", "pk": 1495, "fields": {"prefecture": 39, "city": "Otoyo, Kochi"}}, {"model": "TabiNyans.city", "pk": 1496, "fields": {"prefecture": 39, "city": "Tosa, Kochi (town)"}}, {"model": "TabiNyans.city", "pk": 1497, "fields": {"prefecture": 39, "city": "Okawa, Kochi"}}, {"model": "TabiNyans.city", "pk": 1498, "fields": {"prefecture": 39, "city": "Ino, Kochi"}}, {"model": "TabiNyans.city", "pk": 1499, "fields": {"prefecture": 39, "city": "Niyodogawa, Kochi"}}, {"model": "TabiNyans.city", "pk": 1500, "fields": {"prefecture": 39, "city": "Nakatosa, Kochi"}}, {"model": "TabiNyans.city", "pk": 1501, "fields": {"prefecture": 39, "city": "Sakawa, Kochi"}}, {"model": "TabiNyans.city", "pk": 1502, "fields": {"prefecture": 39, "city": "Ochi, Kochi"}}, {"model": "TabiNyans.city", "pk": 1503, "fields": {"prefecture": 39, "city": "Yusuhara, Kochi"}}, {"model": "TabiNyans.city", "pk": 1504, "fields": {"prefecture": 39, "city": "Hidaka, Kochi"}}, {"model": "TabiNyans.city", "pk": 1505, "fields": {"prefecture": 39, "city": "Tsuno, Kochi"}}, {"model": "TabiNyans.city", "pk": 1506, "fields": {"prefecture": 39, "city": "Shimanto, Kochi (town)"}}, {"model": "TabiNyans.city", "pk": 1507, "fields": {"prefecture": 39, "city": "Otsuki, Kochi"}}, {"model": "TabiNyans.city", "pk": 1508, "fields": {"prefecture": 39, "city": "Mihara, Kochi"}}, {"model": "TabiNyans.city", "pk": 1509, "fields": {"prefecture": 39, "city": "Kuroshio, Kochi"}}, {"model": "TabiNyans.city", "pk": 1510, "fields": {"prefecture": 41, "city": "Saga (city)"}}, {"model": "TabiNyans.city", "pk": 1511, "fields": {"prefecture": 41, "city": "Karatsu, Saga"}}, {"model": "TabiNyans.city", "pk": 1512, "fields": {"prefecture": 41, "city": "Tosu, Saga"}}, {"model": "TabiNyans.city", "pk": 1513, "fields": {"prefecture": 41, "city": "Taku, Saga"}}, {"model": "TabiNyans.city", "pk": 1514, "fields": {"prefecture": 41, "city": "Imari, Saga"}}, {"model": "TabiNyans.city", "pk": 1515, "fields": {"prefecture": 41, "city": "Takeo, Saga"}}, {"model": "TabiNyans.city", "pk": 1516, "fields": {"prefecture": 41, "city": "Kashima, Saga"}}, {"model": "TabiNyans.city", "pk": 1517, "fields": {"prefecture": 41, "city": "Ogi, Saga"}}, {"model": "TabiNyans.city", "pk": 1518, "fields": {"prefecture": 41, "city": "Ureshino, Saga"}}, {"model": "TabiNyans.city", "pk": 1519, "fields": {"prefecture": 41, "city": "Kanzaki, Saga"}}, {"model": "TabiNyans.city", "pk": 1520, "fields": {"prefecture": 41, "city": "Yoshinogari, Saga"}}, {"model": "TabiNyans.city", "pk": 1521, "fields": {"prefecture": 41, "city": "Kiyama, Saga"}}, {"model": "TabiNyans.city", "pk": 1522, "fields": {"prefecture": 41, "city": "Kamimine, Saga"}}, {"model": "TabiNyans.city", "pk": 1523, "fields": {"prefecture": 41, "city": "Miyaki, Saga"}}, {"model": "TabiNyans.city", "pk": 1524, "fields": {"prefecture": 41, "city": "Genkai, Saga"}}, {"model": "TabiNyans.city", "pk": 1525, "fields": {"prefecture": 41, "city": "Arita, Saga"}}, {"model": "TabiNyans.city", "pk": 1526, "fields": {"prefecture": 41, "city": "omachi, Saga"}}, {"model": "TabiNyans.city", "pk": 1527, "fields": {"prefecture": 41, "city": "Kohoku, Saga"}}, {"model": "TabiNyans.city", "pk": 1528, "fields": {"prefecture": 41, "city": "Shiroishi, Saga"}}, {"model": "TabiNyans.city", "pk": 1529, "fields": {"prefecture": 41, "city": "Tara, Saga"}}, {"model": "TabiNyans.city", "pk": 1530, "fields": {"prefecture": 42, "city": "Nagasaki"}}, {"model": "TabiNyans.city", "pk": 1531, "fields": {"prefecture": 42, "city": "Sasebo, Nagasaki"}}, {"model": "TabiNyans.city", "pk": 1532, "fields": {"prefecture": 42, "city": "Shimabara, Nagasaki"}}, {"model": "TabiNyans.city", "pk": 1533, "fields": {"prefecture": 42, "city": "Isahaya, Nagasaki"}}, {"model": "TabiNyans.city", "pk": 1534, "fields": {"prefecture": 42, "city": "omura, Nagasaki"}}, {"model": "TabiNyans.city", "pk": 1535, "fields": {"prefecture": 42, "city": "Hirado, Nagasaki"}}, {"model": "TabiNyans.city", "pk": 1536, "fields": {"prefecture": 42, "city": "Matsuura, Nagasaki"}}, {"model": "TabiNyans.city", "pk": 1537, "fields": {"prefecture": 42, "city": "Tsushima, Nagasaki"}}, {"model": "TabiNyans.city", "pk": 1538, "fields": {"prefecture": 42, "city": "Iki, Nagasaki"}}, {"model": "TabiNyans.city", "pk": 1539, "fields": {"prefecture": 42, "city": "Goto, Nagasaki"}}, {"model": "TabiNyans.city", "pk": 1540, "fields": {"prefecture": 42, "city": "Saikai, Nagasaki"}}, {"model": "TabiNyans.city", "pk": 1541, "fields": {"prefecture": 42, "city": "Unzen, Nagasaki"}}, {"model": "TabiNyans.city", "pk": 1542, "fields": {"prefecture": 42, "city": "Minamishimabara"}}, {"model": "TabiNyans.city", "pk": 1543, "fields": {"prefecture": 42, "city": "Nagayo, Nagasaki"}}, {"model": "TabiNyans.city", "pk": 1544, "fields": {"prefecture": 42, "city": "Togitsu, Nagasaki"}}, {"model": "TabiNyans.city", "pk": 1545, "fields": {"prefecture": 42, "city": "Higashisonogi, Nagasaki"}}, {"model": "TabiNyans.city", "pk": 1546, "fields": {"prefecture": 42, "city": "Kawatana, Nagasaki"}}, {"model": "TabiNyans.city", "pk": 1547, "fields": {"prefecture": 42, "city": "Hasami, Nagasaki"}}, {"model": "TabiNyans.city", "pk": 1548, "fields": {"prefecture": 42, "city": "Ojika, Nagasaki"}}, {"model": "TabiNyans.city", "pk": 1549, "fields": {"prefecture": 42, "city": "Saza, Nagasaki"}}, {"model": "TabiNyans.city", "pk": 1550, "fields": {"prefecture": 42, "city": "Shin-Kamigoto"}}, {"model": "TabiNyans.city", "pk": 1551, "fields": {"prefecture": 43, "city": "Kumamoto"}}, {"model": "TabiNyans.city", "pk": 1552, "fields": {"prefecture": 43, "city": "Chuo-ku, Kumamoto"}}, {"model": "TabiNyans.city", "pk": 1553, "fields": {"prefecture": 43, "city": "Higashi-ku, Kumamoto"}}, {"model": "TabiNyans.city", "pk": 1554, "fields": {"prefecture": 43, "city": "Nishi-ku, Kumamoto"}}, {"model": "TabiNyans.city", "pk": 1555, "fields": {"prefecture": 43, "city": "Minami-ku, Kumamoto"}}, {"model": "TabiNyans.city", "pk": 1556, "fields": {"prefecture": 43, "city": "Kita-ku, Kumamoto"}}, {"model": "TabiNyans.city", "pk": 1557, "fields": {"prefecture": 43, "city": "Yatsushiro, Kumamoto"}}, {"model": "TabiNyans.city", "pk": 1558, "fields": {"prefecture": 43, "city": "Hitoyoshi, Kumamoto"}}, {"model": "TabiNyans.city", "pk": 1559, "fields": {"prefecture": 43, "city": "Arao, Kumamoto"}}, {"model": "TabiNyans.city", "pk": 1560, "fields": {"prefecture": 43, "city": "Minamata, Kumamoto"}}, {"model": "TabiNyans.city", "pk": 1561, "fields": {"prefecture": 43, "city": "Tamana, Kumamoto"}}, {"model": "TabiNyans.city", "pk": 1562, "fields": {"prefecture": 43, "city": "Yamaga, Kumamoto"}}, {"model": "TabiNyans.city", "pk": 1563, "fields": {"prefecture": 43, "city": "Kikuchi, Kumamoto"}}, {"model": "TabiNyans.city", "pk": 1564, "fields": {"prefecture": 43, "city": "Uto, Kumamoto"}}, {"model": "TabiNyans.city", "pk": 1565, "fields": {"prefecture": 43, "city": "Kami-Amakusa"}}, {"model": "TabiNyans.city", "pk": 1566, "fields": {"prefecture": 43, "city": "Uki, Kumamoto"}}, {"model": "TabiNyans.city", "pk": 1567, "fields": {"prefecture": 43, "city": "Aso, Kumamoto"}}, {"model": "TabiNyans.city", "pk": 1568, "fields": {"prefecture": 43, "city": "Amakusa, Kumamoto"}}, {"model": "TabiNyans.city", "pk": 1569, "fields": {"prefecture": 43, "city": "Koshi, Kumamoto"}}, {"model": "TabiNyans.city", "pk": 1570, "fields": {"prefecture": 43, "city": "Misato, Kumamoto"}}, {"model": "TabiNyans.city", "pk": 1571, "fields": {"prefecture": 43, "city": "Gyokuto, Kumamoto"}}, {"model": "TabiNyans.city", "pk": 1572, "fields": {"prefecture": 43, "city": "Nankan, Kumamoto"}}, {"model": "TabiNyans.city", "pk": 1573, "fields": {"prefecture": 43, "city": "Nagasu, Kumamoto"}}, {"model": "TabiNyans.city", "pk": 1574, "fields": {"prefecture": 43, "city": "Nagomi, Kumamoto"}}, {"model": "TabiNyans.city", "pk": 1575, "fields": {"prefecture": 43, "city": "ozu, Kumamoto"}}, {"model": "TabiNyans.city", "pk": 1576, "fields": {"prefecture": 43, "city": "Kikuyo, Kumamoto"}}, {"model": "TabiNyans.city", "pk": 1577, "fields": {"prefecture": 43, "city": "Minamioguni, Kumamoto"}}, {"model": "TabiNyans.city", "pk": 1578, "fields": {"prefecture": 43, "city": "Oguni, Kumamoto"}}, {"model": "TabiNyans.city", "pk": 1579, "fields": {"prefecture": 43, "city": "Ubuyama, Kumamoto"}}, {"model": "TabiNyans.city", "pk": 1580, "fields": {"prefecture": 43, "city": "Takamori, Kumamoto"}}, {"model": "TabiNyans.city", "pk": 1581, "fields": {"prefecture": 43, "city": "Nishihara, Kumamoto"}}, {"model": "TabiNyans.city", "pk": 1582, "fields": {"prefecture": 43, "city": "Minamiaso, Kumamoto"}}, {"model": "TabiNyans.city", "pk": 1583, "fields": {"prefecture": 43, "city": "Mifune, Kumamoto"}}, {"model": "TabiNyans.city", "pk": 1584, "fields": {"prefecture": 43, "city": "Kashima, Kumamoto"}}, {"model": "TabiNyans.city", "pk": 1585, "fields": {"prefecture": 43, "city": "Mashiki, Kumamoto"}}, {"model": "TabiNyans.city", "pk": 1586, "fields": {"prefecture": 43, "city": "Kosa, Kumamoto"}}, {"model": "TabiNyans.city", "pk": 1587, "fields": {"prefecture": 43, "city": "Yamato, Kumamoto"}}, {"model": "TabiNyans.city", "pk": 1588, "fields": {"prefecture": 43, "city": "Hikawa, Kumamoto"}}, {"model": "TabiNyans.city", "pk": 1589, "fields": {"prefecture": 43, "city": "Ashikita, Kumamoto"}}, {"model": "TabiNyans.city", "pk": 1590, "fields": {"prefecture": 43, "city": "Tsunagi, Kumamoto"}}, {"model": "TabiNyans.city", "pk": 1591, "fields": {"prefecture": 43, "city": "Nishiki, Kumamoto"}}, {"model": "TabiNyans.city", "pk": 1592, "fields": {"prefecture": 43, "city": "Taragi, Kumamoto"}}, {"model": "TabiNyans.city", "pk": 1593, "fields": {"prefecture": 43, "city": "Yunomae, Kumamoto"}}, {"model": "TabiNyans.city", "pk": 1594, "fields": {"prefecture": 43, "city": "Mizukami, Kumamoto"}}, {"model": "TabiNyans.city", "pk": 1595, "fields": {"prefecture": 43, "city": "Sagara, Kumamoto"}}, {"model": "TabiNyans.city", "pk": 1596, "fields": {"prefecture": 43, "city": "Itsuki, Kumamoto"}}, {"model": "TabiNyans.city", "pk": 1597, "fields": {"prefecture": 43, "city": "Yamae, Kumamoto"}}, {"model": "TabiNyans.city", "pk": 1598, "fields": {"prefecture": 43, "city": "Kuma, Kumamoto"}}, {"model": "TabiNyans.city", "pk": 1599, "fields": {"prefecture": 43, "city": "Asagiri, Kumamoto"}}, {"model": "TabiNyans.city", "pk": 1600, "fields": {"prefecture": 43, "city": "Reihoku, Kumamoto"}}, {"model": "TabiNyans.city", "pk": 1601, "fields": {"prefecture": 44, "city": "oita (city)"}}, {"model": "TabiNyans.city", "pk": 1602, "fields": {"prefecture": 44, "city": "Beppu"}}, {"model": "TabiNyans.city", "pk": 1603, "fields": {"prefecture": 44, "city": "Nakatsu, oita"}}, {"model": "TabiNyans.city", "pk": 1604, "fields": {"prefecture": 44, "city": "Hita, oita"}}, {"model": "TabiNyans.city", "pk": 1605, "fields": {"prefecture": 44, "city": "Saiki, oita"}}, {"model": "TabiNyans.city", "pk": 1606, "fields": {"prefecture": 44, "city": "Usuki, oita"}}, {"model": "TabiNyans.city", "pk": 1607, "fields": {"prefecture": 44, "city": "Tsukumi, oita"}}, {"model": "TabiNyans.city", "pk": 1608, "fields": {"prefecture": 44, "city": "Taketa, oita"}}, {"model": "TabiNyans.city", "pk": 1609, "fields": {"prefecture": 44, "city": "Bungotakada, oita"}}, {"model": "TabiNyans.city", "pk": 1610, "fields": {"prefecture": 44, "city": "Kitsuki, oita"}}, {"model": "TabiNyans.city", "pk": 1611, "fields": {"prefecture": 44, "city": "Usa, oita"}}, {"model": "TabiNyans.city", "pk": 1612, "fields": {"prefecture": 44, "city": "Bungo-ono"}}, {"model": "TabiNyans.city", "pk": 1613, "fields": {"prefecture": 44, "city": "Yufu"}}, {"model": "TabiNyans.city", "pk": 1614, "fields": {"prefecture": 44, "city": "Kunisaki"}}, {"model": "TabiNyans.city", "pk": 1615, "fields": {"prefecture": 44, "city": "Himeshima, oita"}}, {"model": "TabiNyans.city", "pk": 1616, "fields": {"prefecture": 44, "city": "Hiji, oita"}}, {"model": "TabiNyans.city", "pk": 1617, "fields": {"prefecture": 44, "city": "Kokonoe, oita"}}, {"model": "TabiNyans.city", "pk": 1618, "fields": {"prefecture": 44, "city": "Kusu, oita"}}, {"model": "TabiNyans.city", "pk": 1619, "fields": {"prefecture": 45, "city": "Miyazaki (city)"}}, {"model": "TabiNyans.city", "pk": 1620, "fields": {"prefecture": 45, "city": "Miyakonojo"}}, {"model": "TabiNyans.city", "pk": 1621, "fields": {"prefecture": 45, "city": "Nobeoka, Miyazaki"}}, {"model": "TabiNyans.city", "pk": 1622, "fields": {"prefecture": 45, "city": "Nichinan, Miyazaki"}}, {"model": "TabiNyans.city", "pk": 1623, "fields": {"prefecture": 45, "city": "Kobayashi, Miyazaki"}}, {"model": "TabiNyans.city", "pk": 1624, "fields": {"prefecture": 45, "city": "Hyuga, Miyazaki"}}, {"model": "TabiNyans.city", "pk": 1625, "fields": {"prefecture": 45, "city": "Kushima, Miyazaki"}}, {"model": "TabiNyans.city", "pk": 1626, "fields": {"prefecture": 45, "city": "Saito, Miyazaki"}}, {"model": "TabiNyans.city", "pk": 1627, "fields": {"prefecture": 45, "city": "Ebino, Miyazaki"}}, {"model": "TabiNyans.city", "pk": 1628, "fields": {"prefecture": 45, "city": "Mimata, Miyazaki"}}, {"model": "TabiNyans.city", "pk": 1629, "fields": {"prefecture": 45, "city": "Takaharu, Miyazaki"}}, {"model": "TabiNyans.city", "pk": 1630, "fields": {"prefecture": 45, "city": "Kunitomi, Miyazaki"}}, {"model": "TabiNyans.city", "pk": 1631, "fields": {"prefecture": 45, "city": "Aya, Miyazaki"}}, {"model": "TabiNyans.city", "pk": 1632, "fields": {"prefecture": 45, "city": "Takanabe, Miyazaki"}}, {"model": "TabiNyans.city", "pk": 1633, "fields": {"prefecture": 45, "city": "Shintomi, Miyazaki"}}, {"model": "TabiNyans.city", "pk": 1634, "fields": {"prefecture": 45, "city": "Nishimera, Miyazaki"}}, {"model": "TabiNyans.city", "pk": 1635, "fields": {"prefecture": 45, "city": "Kijo, Miyazaki"}}, {"model": "TabiNyans.city", "pk": 1636, "fields": {"prefecture": 45, "city": "Kawaminami, Miyazaki"}}, {"model": "TabiNyans.city", "pk": 1637, "fields": {"prefecture": 45, "city": "Tsuno, Miyazaki"}}, {"model": "TabiNyans.city", "pk": 1638, "fields": {"prefecture": 45, "city": "Kadogawa, Miyazaki"}}, {"model": "TabiNyans.city", "pk": 1639, "fields": {"prefecture": 45, "city": "Morotsuka, Miyazaki"}}, {"model": "TabiNyans.city", "pk": 1640, "fields": {"prefecture": 45, "city": "Shiiba, Miyazaki"}}, {"model": "TabiNyans.city", "pk": 1641, "fields": {"prefecture": 45, "city": "Misato, Miyazaki"}}, {"model": "TabiNyans.city", "pk": 1642, "fields": {"prefecture": 45, "city": "Takachiho, Miyazaki"}}, {"model": "TabiNyans.city", "pk": 1643, "fields": {"prefecture": 45, "city": "Hinokage, Miyazaki"}}, {"model": "TabiNyans.city", "pk": 1644, "fields": {"prefecture": 45, "city": "Gokase, Miyazaki"}}, {"model": "TabiNyans.city", "pk": 1645, "fields": {"prefecture": 46, "city": "Kagoshima"}}, {"model": "TabiNyans.city", "pk": 1646, "fields": {"prefecture": 46, "city": "Kanoya, Kagoshima"}}, {"model": "TabiNyans.city", "pk": 1647, "fields": {"prefecture": 46, "city": "Makurazaki, Kagoshima"}}, {"model": "TabiNyans.city", "pk": 1648, "fields": {"prefecture": 46, "city": "Akune, Kagoshima"}}, {"model": "TabiNyans.city", "pk": 1649, "fields": {"prefecture": 46, "city": "Izumi, Kagoshima"}}, {"model": "TabiNyans.city", "pk": 1650, "fields": {"prefecture": 46, "city": "Ibusuki, Kagoshima"}}, {"model": "TabiNyans.city", "pk": 1651, "fields": {"prefecture": 46, "city": "Nishinoomote, Kagoshima"}}, {"model": "TabiNyans.city", "pk": 1652, "fields": {"prefecture": 46, "city": "Tarumizu, Kagoshima"}}, {"model": "TabiNyans.city", "pk": 1653, "fields": {"prefecture": 46, "city": "Satsumasendai, Kagoshima"}}, {"model": "TabiNyans.city", "pk": 1654, "fields": {"prefecture": 46, "city": "Hioki, Kagoshima"}}, {"model": "TabiNyans.city", "pk": 1655, "fields": {"prefecture": 46, "city": "Soo, Kagoshima"}}, {"model": "TabiNyans.city", "pk": 1656, "fields": {"prefecture": 46, "city": "Kirishima, Kagoshima"}}, {"model": "TabiNyans.city", "pk": 1657, "fields": {"prefecture": 46, "city": "Ichikikushikino"}}, {"model": "TabiNyans.city", "pk": 1658, "fields": {"prefecture": 46, "city": "Minamisatsuma"}}, {"model": "TabiNyans.city", "pk": 1659, "fields": {"prefecture": 46, "city": "Shibushi, Kagoshima"}}, {"model": "TabiNyans.city", "pk": 1660, "fields": {"prefecture": 46, "city": "Amami, Kagoshima"}}, {"model": "TabiNyans.city", "pk": 1661, "fields": {"prefecture": 46, "city": "Minamikyushu"}}, {"model": "TabiNyans.city", "pk": 1662, "fields": {"prefecture": 46, "city": "Isa, Kagoshima"}}, {"model": "TabiNyans.city", "pk": 1663, "fields": {"prefecture": 46, "city": "Aira, Kagoshima"}}, {"model": "TabiNyans.city", "pk": 1664, "fields": {"prefecture": 46, "city": "Mishima, Kagoshima"}}, {"model": "TabiNyans.city", "pk": 1665, "fields": {"prefecture": 46, "city": "Toshima, Kagoshima"}}, {"model": "TabiNyans.city", "pk": 1666, "fields": {"prefecture": 46, "city": "Satsuma, Kagoshima"}}, {"model": "TabiNyans.city", "pk": 1667, "fields": {"prefecture": 46, "city": "Nagashima, Kagoshima"}}, {"model": "TabiNyans.city", "pk": 1668, "fields": {"prefecture": 46, "city": "Yusui, Kagoshima"}}, {"model": "TabiNyans.city", "pk": 1669, "fields": {"prefecture": 46, "city": "osaki, Kagoshima"}}, {"model": "TabiNyans.city", "pk": 1670, "fields": {"prefecture": 46, "city": "Higashikushira, Kagoshima"}}, {"model": "TabiNyans.city", "pk": 1671, "fields": {"prefecture": 46, "city": "Kinko, Kagoshima"}}, {"model": "TabiNyans.city", "pk": 1672, "fields": {"prefecture": 46, "city": "Minamiosumi, Kagoshima"}}, {"model": "TabiNyans.city", "pk": 1673, "fields": {"prefecture": 46, "city": "Kimotsuki, Kagoshima"}}, {"model": "TabiNyans.city", "pk": 1674, "fields": {"prefecture": 46, "city": "Nakatane, Kagoshima"}}, {"model": "TabiNyans.city", "pk": 1675, "fields": {"prefecture": 46, "city": "Minamitane, Kagoshima"}}, {"model": "TabiNyans.city", "pk": 1676, "fields": {"prefecture": 46, "city": "Yakushima, Kagoshima"}}, {"model": "TabiNyans.city", "pk": 1677, "fields": {"prefecture": 46, "city": "Yamato, Kagoshima"}}, {"model": "TabiNyans.city", "pk": 1678, "fields": {"prefecture": 46, "city": "Uken"}}, {"model": "TabiNyans.city", "pk": 1679, "fields": {"prefecture": 46, "city": "Setouchi, Kagoshima"}}, {"model": "TabiNyans.city", "pk": 1680, "fields": {"prefecture": 46, "city": "Tatsugo, Kagoshima"}}, {"model": "TabiNyans.city", "pk": 1681, "fields": {"prefecture": 46, "city": "Kikai, Kagoshima"}}, {"model": "TabiNyans.city", "pk": 1682, "fields": {"prefecture": 46, "city": "Tokunoshima, Kagoshima"}}, {"model": "TabiNyans.city", "pk": 1683, "fields": {"prefecture": 46, "city": "Amagi, Kagoshima"}}, {"model": "TabiNyans.city", "pk": 1684, "fields": {"prefecture": 46, "city": "Isen, Kagoshima"}}, {"model": "TabiNyans.city", "pk": 1685, "fields": {"prefecture": 46, "city": "Wadomari, Kagoshima"}}, {"model": "TabiNyans.city", "pk": 1686, "fields": {"prefecture": 46, "city": "China, Kagoshima"}}, {"model": "TabiNyans.city", "pk": 1687, "fields": {"prefecture": 46, "city": "Yoron, Kagoshima"}}, {"model": "TabiNyans.city", "pk": 1688, "fields": {"prefecture": 47, "city": "Naha"}}, {"model": "TabiNyans.city", "pk": 1689, "fields": {"prefecture": 47, "city": "Ginowan, Okinawa"}}, {"model": "TabiNyans.city", "pk": 1690, "fields": {"prefecture": 47, "city": "Ishigaki, Okinawa"}}, {"model": "TabiNyans.city", "pk": 1691, "fields": {"prefecture": 47, "city": "Urasoe, Okinawa"}}, {"model": "TabiNyans.city", "pk": 1692, "fields": {"prefecture": 47, "city": "Nago"}}, {"model": "TabiNyans.city", "pk": 1693, "fields": {"prefecture": 47, "city": "Itoman, Okinawa"}}, {"model": "TabiNyans.city", "pk": 1694, "fields": {"prefecture": 47, "city": "Okinawa (city)"}}, {"model": "TabiNyans.city", "pk": 1695, "fields": {"prefecture": 47, "city": "Tomigusuku, Okinawa"}}, {"model": "TabiNyans.city", "pk": 1696, "fields": {"prefecture": 47, "city": "Uruma"}}, {"model": "TabiNyans.city", "pk": 1697, "fields": {"prefecture": 47, "city": "Miyakojima, Okinawa"}}, {"model": "TabiNyans.city", "pk": 1698, "fields": {"prefecture": 47, "city": "Nanjo"}}, {"model": "TabiNyans.city", "pk": 1699, "fields": {"prefecture": 47, "city": "Kunigami, Okinawa"}}, {"model": "TabiNyans.city", "pk": 1700, "fields": {"prefecture": 47, "city": "ogimi"}}, {"model": "TabiNyans.city", "pk": 1701, "fields": {"prefecture": 47, "city": "Higashi, Okinawa"}}, {"model": "TabiNyans.city", "pk": 1702, "fields": {"prefecture": 47, "city": "Nakijin, Okinawa"}}, {"model": "TabiNyans.city", "pk": 1703, "fields": {"prefecture": 47, "city": "Motobu, Okinawa"}}, {"model": "TabiNyans.city", "pk": 1704, "fields": {"prefecture": 47, "city": "Onna, Okinawa"}}, {"model": "TabiNyans.city", "pk": 1705, "fields": {"prefecture": 47, "city": "Ginoza, Okinawa"}}, {"model": "TabiNyans.city", "pk": 1706, "fields": {"prefecture": 47, "city": "Kin, Okinawa"}}, {"model": "TabiNyans.city", "pk": 1707, "fields": {"prefecture": 47, "city": "Ie, Okinawa"}}, {"model": "TabiNyans.city", "pk": 1708, "fields": {"prefecture": 47, "city": "Yomitan"}}, {"model": "TabiNyans.city", "pk": 1709, "fields": {"prefecture": 47, "city": "Kadena, Okinawa"}}, {"model": "TabiNyans.city", "pk": 1710, "fields": {"prefecture": 47, "city": "Chatan, Okinawa"}}, {"model": "TabiNyans.city", "pk": 1711, "fields": {"prefecture": 47, "city": "Kitanakagusuku, Okinawa"}}, {"model": "TabiNyans.city", "pk": 1712, "fields": {"prefecture": 47, "city": "Nakagusuku, Okinawa"}}, {"model": "TabiNyans.city", "pk": 1713, "fields": {"prefecture": 47, "city": "Nishihara, Okinawa"}}, {"model": "TabiNyans.city", "pk": 1714, "fields": {"prefecture": 47, "city": "Yonabaru, Okinawa"}}, {"model": "TabiNyans.city", "pk": 1715, "fields": {"prefecture": 47, "city": "Haebaru, Okinawa"}}, {"model": "TabiNyans.city", "pk": 1716, "fields": {"prefecture": 47, "city": "Tokashiki, Okinawa"}}, {"model": "TabiNyans.city", "pk": 1717, "fields": {"prefecture": 47, "city": "Zamami, Okinawa"}}, {"model": "TabiNyans.city", "pk": 1718, "fields": {"prefecture": 47, "city": "Aguni, Okinawa"}}, {"model": "TabiNyans.city", "pk": 1719, "fields": {"prefecture": 47, "city": "Tonaki, Okinawa"}}, {"model": "TabiNyans.city", "pk": 1720, "fields": {"prefecture": 47, "city": "Minamidaito, Okinawa"}}, {"model": "TabiNyans.city", "pk": 1721, "fields": {"prefecture": 47, "city": "Kitadaito, Okinawa"}}, {"model": "TabiNyans.city", "pk": 1722, "fields": {"prefecture": 47, "city": "Iheya, Okinawa"}}, {"model": "TabiNyans.city", "pk": 1723, "fields": {"prefecture": 47, "city": "Izena, Okinawa"}}, {"model": "TabiNyans.city", "pk": 1724, "fields": {"prefecture": 47, "city": "Kumejima, Okinawa"}}, {"model": "TabiNyans.city", "pk": 1725, "fields": {"prefecture": 47, "city": "Yaese, Okinawa"}}, {"model": "TabiNyans.city", "pk": 1726, "fields": {"prefecture": 47, "city": "Tarama, Okinawa"}}, {"model": "TabiNyans.city", "pk": 1727, "fields": {"prefecture": 47, "city": "Taketomi, Okinawa"}}, {"model": "TabiNyans.city", "pk": 1728, "fields": {"prefecture": 47, "city": "Yonaguni, Okinawa"}}, {"model": "TabiNyans.hotel", "pk": 1, "fields": {"hotel_name": "Onsen Hotel", "website_url": null, "location_url": "https://google.com", "prefecture": 1, "city": 183, "address": "Testestest", "logo": "logos/logo.png", "author": 1, "hours": "5-6", "price": "5000", "high_season": true, "dogs": false, "short_term": true, "food": false, "night_staff": false, "specials": "None", "extra": "Pretty", "images": "hotel_image/images.jpg", "admin_approved": true}}, {"model": "TabiNyans.hotel", "pk": 2, "fields": {"hotel_name": "Love Cats", "website_url": null, "location_url": null, "prefecture": 1, "city": 21, "address": "4-5-6", "logo": "", "author": 1, "hours": "3-18", "price": "3000", "high_season": false, "dogs": false, "short_term": false, "food": true, "night_staff": false, "specials": "Food.", "extra": "More food.", "images": "", "admin_approved": true}}, {"model": "TabiNyans.hotel", "pk": 4, "fields": {"hotel_name": "Next Hotel", "website_url": null, "location_url": null, "prefecture": 8, "city": 523, "address": "4-5-7", "logo": "", "author": 1, "hours": "", "price": "", "high_season": false, "dogs": false, "short_term": false, "food": false, "night_staff": false, "specials": "", "extra": "", "images": "", "admin_approved": true}}, {"model": "TabiNyans.hotel", "pk": 5, "fields": {"hotel_name": "Azabu Pet - Azabu Store", "website_url": "https://azabupet.jp/en/", "location_url": "https://goo.gl/maps/5ZPnKdpLPgJLG8L7A", "prefecture": 13, "city": 192, "address": "5-5-5", "logo": "logos/logo_1_jf8QTmE.png", "author": 1, "hours": "9-6", "price": "", "high_season": false, "dogs": false, "short_term": false, "food": false, "night_staff": false, "specials": "", "extra": "", "images": "hotel_image/shop_03_GDam9SN.jpg", "admin_approved": true}}, {"model": "TabiNyans.hotel", "pk": 7, "fields": {"hotel_name": "Friends of Cats Sapporo", "website_url": "http://friendsofcatssapporo.com", "location_url": "https://goo.gl/maps/f2DCCpQyAEmBj7Pi9", "prefecture": 1, "city": 1, "address": "2-3-4", "logo": "logos/friends1.png", "author": 4, "hours": "10AM-9PM", "price": "4000", "high_season": true, "dogs": false, "short_term": true, "food": true, "night_staff": true, "specials": "", "extra": "Not real.", "images": "hotel_image/1350946-1289696929.png", "admin_approved": true}}, {"model": "TabiNyans.hotel", "pk": 8, "fields": {"hotel_name": "Dadswell Pet Buddy (Main Shop)", "website_url": "https://petbuddy.jp/wordpress/", "location_url": "https://g.page/DadswellPetBuddy?share", "prefecture": 1, "city": 1, "address": "豊平区西岡4条11目10-18", "logo": "logos/dadswell.jpg", "author": 4, "hours": "9AM-4PM", "price": "4500-6000", "high_season": true, "dogs": false, "short_term": false, "food": false, "night_staff": false, "specials": "Pick-up/Drop-off Available", "extra": "Cat specialty hotel, Cage-free, a real hotel!", "images": "hotel_image/IMG_4134-1-768x1024.jpeg", "admin_approved": true}}, {"model": "TabiNyans.hotel", "pk": 9, "fields": {"hotel_name": "Princess Cat Hotel", "website_url": null, "location_url": null, "prefecture": 1, "city": 1, "address": "4-5-6", "logo": "", "author": 1, "hours": "", "price": "", "high_season": false, "dogs": false, "short_term": false, "food": false, "night_staff": false, "specials": "", "extra": "", "images": "", "admin_approved": true}}, {"model": "TabiNyans.hotel", "pk": 10, "fields": {"hotel_name": "Paws and Claws", "website_url": "http://pawsandclaws.jp", "location_url": null, "prefecture": 1, "city": 1, "address": "1-34-5", "logo": "", "author": 1, "hours": "", "price": "", "high_season": false, "dogs": false, "short_term": false, "food": true, "night_staff": true, "specials": "", "extra": "", "images": "", "admin_approved": true}}, {"model": "TabiNyans.hotel", "pk": 12, "fields": {"hotel_name": "Dadswell Pet Buddy (Suigenchidori Shop)", "website_url": "https://petbuddy.jp/wordpress/cat-hotel/", "location_url": "https://g.page/DadswellPetBuddy?share", "prefecture": 1, "city": 1, "address": "札幌市豊平区西岡４条10丁目6-1　第２すずらんハイツ１F", "logo": "logos/dadswell_RF06Hfi.jpg", "author": 10, "hours": "9AM-4PM", "price": "3500", "high_season": true, "dogs": false, "short_term": false, "food": false, "night_staff": false, "specials": "Pick-up/Drop-off Available, Security Cameras, Cats-Only", "extra": "A real hotel!", "images": "hotel_image/IMG_3686-scaled.jpeg", "admin_approved": true}}, {"model": "TabiNyans.hotel", "pk": 13, "fields": {"hotel_name": "DogLovequa Nyan's Room", "website_url": "https://www.doglovequa.jp/nyansroom/", "location_url": "https://goo.gl/maps/KkTg3kqbsykDrMwUA", "prefecture": 1, "city": 1, "address": "白石区米里4条2丁目3-20日新インテック 2F", "logo": "", "author": 3, "hours": "10AM-6:30PM", "price": "3000-3800", "high_season": false, "dogs": true, "short_term": true, "food": false, "night_staff": false, "specials": "Cage-free, Daily emails from staff, Pick-up/Drop-off Available", "extra": "A real hotel!", "images": "", "admin_approved": true}}, {"model": "TabiNyans.hotel", "pk": 14, "fields": {"hotel_name": "HANA Pet", "website_url": "http://petshop-hanapet.com/hotel.html", "location_url": "https://goo.gl/maps/4enWTxoZ5YJY8s1BA", "prefecture": 1, "city": 1, "address": "北区北32条西5丁目2-30 壱ビル2階", "logo": "", "author": 6, "hours": "", "price": "2100", "high_season": false, "dogs": true, "short_term": true, "food": false, "night_staff": false, "specials": "", "extra": "Small animals also accepted, Real Hotel", "images": "hotel_image/hotel4.jpg", "admin_approved": true}}, {"model": "TabiNyans.hotel", "pk": 15, "fields": {"hotel_name": "CatDog", "website_url": "http://sapporopet.com/publics/index/22/", "location_url": "https://goo.gl/maps/4boJHFCmNeG2vBop7", "prefecture": 1, "city": 1, "address": "豊平区中の島二条2丁目1-22", "logo": "logos/201701161735414342.png", "author": 2, "hours": "10AM-7PM", "price": "2500", "high_season": false, "dogs": true, "short_term": true, "food": false, "night_staff": false, "specials": "", "extra": "", "images": "hotel_image/201612122106051156.jpg", "admin_approved": true}}, {"model": "TabiNyans.likes", "pk": 1, "fields": {"hotel": 1, "author": 5}}, {"model": "TabiNyans.likes", "pk": 2, "fields": {"hotel": 4, "author": 1}}, {"model": "TabiNyans.likes", "pk": 4, "fields": {"hotel": 12, "author": 1}}, {"model": "TabiNyans.likes", "pk": 5, "fields": {"hotel": 13, "author": 1}}, {"model": "TabiNyans.likes", "pk": 15, "fields": {"hotel": 14, "author": 1}}, {"model": "TabiNyans.likes", "pk": 22, "fields": {"hotel": 5, "author": 1}}, {"model": "TabiNyans.likes", "pk": 37, "fields": {"hotel": 8, "author": 1}}, {"model": "TabiNyans.likes", "pk": 38, "fields": {"hotel": 5, "author": 10}}, {"model": "TabiNyans.likes", "pk": 40, "fields": {"hotel": 12, "author": 10}}, {"model": "TabiNyans.review", "pk": 4, "fields": {"hotel": 1, "pub_date": "2021-08-17", "author": 1, "comment": "I love cats!!!!", "rating": 3, "admin_approved": true}}, {"model": "TabiNyans.review", "pk": 5, "fields": {"hotel": 5, "pub_date": "2021-08-18", "author": 1, "comment": "It's the cat's meow!", "rating": 5, "admin_approved": true}}, {"model": "TabiNyans.review", "pk": 6, "fields": {"hotel": 5, "pub_date": "2021-08-18", "author": 1, "comment": "i LOVE CATS!!!!", "rating": 5, "admin_approved": true}}, {"model": "TabiNyans.review", "pk": 36, "fields": {"hotel": 1, "pub_date": "2021-08-18", "author": 1, "comment": "No cats allowed in the onsen? Ugh!", "rating": 1, "admin_approved": true}}, {"model": "TabiNyans.review", "pk": 37, "fields": {"hotel": 7, "pub_date": "2021-08-23", "author": 5, "comment": "They like cats... but are they really friends?", "rating": 3, "admin_approved": true}}, {"model": "TabiNyans.review", "pk": 39, "fields": {"hotel": 7, "pub_date": "2021-08-24", "author": 4, "comment": "Cats, cats, cats... I love it!", "rating": 4, "admin_approved": true}}, {"model": "TabiNyans.review", "pk": 40, "fields": {"hotel": 4, "pub_date": "2021-08-26", "author": 10, "comment": "What a lousy form.", "rating": 2, "admin_approved": true}}, {"model": "TabiNyans.review", "pk": 48, "fields": {"hotel": 2, "pub_date": "2021-08-26", "author": 10, "comment": "Love cats... but do they REALLY?", "rating": 3, "admin_approved": true}}, {"model": "TabiNyans.review", "pk": 49, "fields": {"hotel": 9, "pub_date": "2021-08-26", "author": 10, "comment": "All cats are little princesses.", "rating": 4, "admin_approved": true}}, {"model": "TabiNyans.review", "pk": 50, "fields": {"hotel": 8, "pub_date": "2021-08-26", "author": 10, "comment": "Cage-free is the best!", "rating": 5, "admin_approved": true}}, {"model": "TabiNyans.review", "pk": 56, "fields": {"hotel": 12, "pub_date": "2021-08-29", "author": 1, "comment": "This is a real hotel! But I've never actually been.", "rating": 5, "admin_approved": true}}, {"model": "TabiNyans.review", "pk": 57, "fields": {"hotel": 14, "pub_date": "2021-09-01", "author": 1, "comment": "Why isn't HANA pet not in yamaHANA? Missed opportunity.", "rating": 3, "admin_approved": true}}, {"model": "TabiNyans.review", "pk": 58, "fields": {"hotel": 5, "pub_date": "2021-09-01", "author": 10, "comment": "Lots of cats.", "rating": 4, "admin_approved": true}}]
